ciudad,franja,beta_align
Gandhinagar,dia,6.4
Gandhinagar,dia,6.39
Gandhinagar,dia,6.39
Gandhinagar,dia,6.38
Gandhinagar,dia,6.36
Gandhinagar,dia,6.36
Gandhinagar,dia,6.36
Gandhinagar,dia,6.35
Gandhinagar,dia,6.33
Gandhinagar,dia,6.33
Gandhinagar,dia,6.32
Gandhinagar,dia,6.3
Gandhinagar,dia,6.3
Gandhinagar,dia,6.3
Gandhinagar,dia,6.31
Gandhinagar,dia,6.31
Gandhinagar,dia,6.32
Gandhinagar,dia,6.31
Gandhinagar,dia,6.26
Gandhinagar,dia,6.2
Gandhinagar,dia,6.14
Gandhinagar,dia,6.06
Gandhinagar,dia,5.98
Gandhinagar,dia,5.87
Gandhinagar,dia,5.75
Gandhinagar,dia,5.62
Gandhinagar,dia,5.47
Gandhinagar,dia,5.3
Gandhinagar,dia,5.12
Gandhinagar,dia,4.91
Gandhinagar,dia,4.89
Gandhinagar,dia,4.93
Gandhinagar,dia,4.87
Gandhinagar,dia,4.88
Gandhinagar,dia,4.87
Gandhinagar,dia,4.99
Gandhinagar,dia,5.11
Gandhinagar,dia,5.03
Gandhinagar,dia,5.1
Gandhinagar,dia,5.11
Gandhinagar,dia,5.19
Gandhinagar,dia,5.09
Gandhinagar,dia,5.15
Gandhinagar,dia,5.18
Gandhinagar,dia,5.17
Gandhinagar,dia,5.25
Gandhinagar,dia,5.17
Gandhinagar,dia,5.26
Gandhinagar,dia,5.31
Gandhinagar,dia,5.22
Gandhinagar,dia,5.05
Gandhinagar,dia,4.95
Gandhinagar,dia,4.85
Gandhinagar,dia,4.73
Gandhinagar,dia,4.59
Gandhinagar,dia,4.61
Gandhinagar,dia,4.47
Gandhinagar,dia,4.52
Gandhinagar,dia,4.43
Gandhinagar,dia,4.49
Gandhinagar,dia,4.45
Gandhinagar,dia,4.56
Gandhinagar,dia,4.55
Gandhinagar,dia,4.74
Gandhinagar,dia,4.74
Gandhinagar,dia,4.83
Gandhinagar,dia,5.05
Gandhinagar,dia,5.26
Gandhinagar,dia,5.35
Gandhinagar,dia,5.62
Gandhinagar,dia,5.74
Gandhinagar,dia,5.91
Gandhinagar,dia,6.12
Gandhinagar,dia,6.38
Gandhinagar,dia,6.59
Gandhinagar,dia,6.84
Gandhinagar,dia,7.08
Gandhinagar,dia,7.57
Gandhinagar,dia,7.93
Gandhinagar,dia,8.1
Gandhinagar,dia,8.32
Gandhinagar,dia,8.48
Gandhinagar,dia,8.62
Gandhinagar,dia,8.78
Gandhinagar,dia,8.88
Gandhinagar,dia,8.96
Gandhinagar,dia,9.03
Gandhinagar,dia,9.11
Gandhinagar,dia,9.16
Gandhinagar,dia,9.19
Gandhinagar,dia,9.23
Gandhinagar,dia,9.24
Gandhinagar,dia,9.23
Gandhinagar,dia,9.23
Gandhinagar,dia,9.22
Gandhinagar,dia,9.21
Gandhinagar,dia,9.23
Gandhinagar,dia,9.25
Gandhinagar,dia,9.24
Gandhinagar,dia,9.23
Gandhinagar,dia,9.21
Gandhinagar,dia,9.17
Gandhinagar,dia,9.16
Gandhinagar,dia,9.16
Gandhinagar,dia,9.15
Gandhinagar,dia,9.13
Gandhinagar,dia,9.11
Gandhinagar,dia,9.09
Gandhinagar,dia,9.07
Gandhinagar,dia,9.05
Gandhinagar,dia,9.02
Gandhinagar,dia,8.99
Gandhinagar,dia,8.96
Gandhinagar,dia,8.92
Gandhinagar,dia,8.89
Gandhinagar,dia,8.85
Gandhinagar,dia,8.81
Gandhinagar,dia,8.78
Gandhinagar,dia,8.75
Gandhinagar,dia,8.72
Gandhinagar,dia,8.69
Gandhinagar,dia,8.65
Gandhinagar,dia,8.62
Gandhinagar,dia,8.59
Gandhinagar,dia,8.56
Gandhinagar,dia,8.53
Gandhinagar,dia,8.5
Gandhinagar,dia,8.47
Gandhinagar,dia,8.45
Gandhinagar,dia,8.44
Gandhinagar,dia,8.41
Gandhinagar,dia,8.39
Gandhinagar,dia,8.37
Gandhinagar,dia,8.35
Gandhinagar,dia,8.34
Gandhinagar,dia,8.33
Gandhinagar,dia,8.32
Gandhinagar,dia,8.31
Gandhinagar,dia,8.31
Gandhinagar,dia,8.3
Gandhinagar,dia,8.31
Gandhinagar,dia,8.31
Gandhinagar,dia,8.33
Gandhinagar,dia,8.34
Gandhinagar,dia,8.36
Gandhinagar,dia,8.39
Gandhinagar,dia,8.42
Gandhinagar,dia,8.47
Gandhinagar,dia,8.51
Gandhinagar,dia,8.56
Gandhinagar,dia,8.61
Gandhinagar,dia,8.67
Gandhinagar,dia,8.73
Gandhinagar,dia,8.77
Gandhinagar,dia,8.81
Gandhinagar,dia,8.81
Gandhinagar,dia,8.81
Gandhinagar,dia,8.81
Gandhinagar,dia,8.79
Gandhinagar,dia,8.77
Gandhinagar,dia,8.75
Gandhinagar,dia,8.72
Gandhinagar,dia,8.7
Gandhinagar,dia,8.67
Gandhinagar,dia,8.64
Gandhinagar,dia,8.62
Gandhinagar,dia,8.59
Gandhinagar,dia,8.57
Gandhinagar,dia,8.55
Gandhinagar,dia,8.53
Gandhinagar,dia,8.51
Gandhinagar,dia,8.49
Gandhinagar,dia,8.47
Gandhinagar,dia,8.45
Gandhinagar,dia,8.43
Gandhinagar,dia,8.41
Gandhinagar,dia,8.38
Gandhinagar,dia,8.35
Gandhinagar,dia,8.31
Gandhinagar,dia,8.35
Gandhinagar,dia,8.41
Gandhinagar,dia,8.46
Gandhinagar,dia,8.52
Gandhinagar,dia,8.6
Gandhinagar,dia,8.65
Gandhinagar,dia,8.73
Gandhinagar,dia,8.77
Gandhinagar,dia,8.84
Gandhinagar,dia,8.9
Gandhinagar,dia,8.95
Gandhinagar,dia,8.99
Gandhinagar,dia,9.02
Gandhinagar,dia,9.05
Gandhinagar,dia,9.07
Gandhinagar,dia,9.1
Gandhinagar,dia,9.12
Gandhinagar,dia,9.13
Gandhinagar,dia,9.14
Gandhinagar,dia,9.14
Gandhinagar,dia,9.14
Gandhinagar,dia,9.13
Gandhinagar,dia,9.11
Gandhinagar,dia,9.08
Gandhinagar,dia,9.05
Gandhinagar,dia,9.01
Gandhinagar,dia,8.96
Gandhinagar,dia,8.94
Gandhinagar,dia,8.94
Gandhinagar,dia,8.94
Gandhinagar,dia,8.93
Gandhinagar,dia,8.93
Gandhinagar,dia,8.91
Gandhinagar,dia,8.9
Gandhinagar,dia,8.88
Gandhinagar,dia,8.85
Gandhinagar,dia,8.82
Gandhinagar,dia,8.79
Gandhinagar,dia,8.75
Gandhinagar,dia,8.71
Gandhinagar,dia,8.66
Gandhinagar,dia,8.61
Gandhinagar,dia,8.54
Gandhinagar,dia,8.47
Gandhinagar,dia,8.39
Gandhinagar,dia,8.3
Gandhinagar,dia,8.26
Gandhinagar,dia,8.28
Gandhinagar,dia,8.27
Gandhinagar,dia,8.28
Gandhinagar,dia,8.29
Gandhinagar,dia,8.3
Gandhinagar,dia,8.31
Gandhinagar,dia,8.37
Gandhinagar,dia,8.44
Gandhinagar,dia,8.57
Gandhinagar,dia,8.7
Gandhinagar,dia,8.77
Gandhinagar,dia,8.7
Gandhinagar,dia,8.81
Gandhinagar,dia,8.91
Gandhinagar,dia,9.03
Gandhinagar,dia,9.15
Gandhinagar,dia,9.22
Gandhinagar,dia,9.22
Gandhinagar,dia,9.32
Gandhinagar,dia,9.47
Gandhinagar,dia,9.4
Gandhinagar,dia,9.36
Gandhinagar,dia,9.48
Gandhinagar,dia,9.64
Gandhinagar,dia,9.52
Gandhinagar,dia,9.33
Gandhinagar,dia,9.17
Gandhinagar,dia,8.87
Gandhinagar,dia,8.68
Gandhinagar,dia,8.42
Gandhinagar,dia,8.0
Gandhinagar,dia,7.65
Gandhinagar,dia,7.35
Gandhinagar,dia,7.11
Gandhinagar,dia,6.99
Gandhinagar,dia,6.75
Gandhinagar,dia,6.46
Gandhinagar,dia,6.08
Gandhinagar,dia,5.66
Gandhinagar,dia,5.36
Gandhinagar,dia,5.09
Gandhinagar,dia,4.89
Gandhinagar,dia,4.69
Gandhinagar,dia,4.47
Gandhinagar,dia,4.26
Gandhinagar,dia,4.01
Gandhinagar,dia,3.8
Gandhinagar,dia,3.61
Gandhinagar,dia,3.4
Gandhinagar,dia,3.18
Gandhinagar,dia,3.03
Gandhinagar,dia,2.91
Gandhinagar,dia,2.74
Gandhinagar,dia,2.53
Gandhinagar,dia,2.5
Gandhinagar,dia,2.41
Gandhinagar,dia,2.38
Gandhinagar,dia,2.39
Gandhinagar,dia,2.48
Gandhinagar,dia,2.65
Gandhinagar,dia,2.85
Gandhinagar,dia,3.06
Gandhinagar,dia,3.29
Gandhinagar,dia,3.5
Gandhinagar,dia,3.59
Gandhinagar,dia,3.86
Gandhinagar,dia,3.53
Gandhinagar,dia,3.45
Gandhinagar,dia,3.44
Gandhinagar,dia,3.43
Gandhinagar,dia,3.42
Gandhinagar,dia,3.42
Gandhinagar,dia,3.41
Gandhinagar,dia,3.39
Gandhinagar,dia,3.38
Gandhinagar,dia,3.91
Gandhinagar,dia,4.16
Gandhinagar,dia,4.4
Gandhinagar,dia,4.71
Gandhinagar,dia,4.98
Gandhinagar,dia,5.19
Gandhinagar,dia,5.5
Gandhinagar,dia,5.89
Gandhinagar,dia,6.28
Gandhinagar,dia,6.56
Gandhinagar,dia,6.8
Gandhinagar,dia,7.02
Gandhinagar,dia,7.38
Gandhinagar,dia,7.63
Gandhinagar,dia,7.91
Gandhinagar,dia,8.31
Gandhinagar,dia,8.74
Gandhinagar,dia,9.08
Gandhinagar,dia,9.4
Gandhinagar,dia,9.6
Gandhinagar,dia,9.69
Gandhinagar,dia,9.63
Gandhinagar,dia,9.62
Gandhinagar,dia,9.53
Gandhinagar,dia,9.46
Gandhinagar,dia,9.55
Gandhinagar,dia,9.59
Gandhinagar,dia,9.59
Gandhinagar,dia,9.61
Gandhinagar,dia,9.64
Gandhinagar,dia,9.69
Gandhinagar,dia,9.6
Gandhinagar,dia,9.6
Gandhinagar,dia,9.41
Gandhinagar,dia,9.33
Gandhinagar,dia,4.48
Gandhinagar,dia,4.46
Gandhinagar,dia,4.45
Gandhinagar,dia,4.46
Gandhinagar,dia,4.49
Gandhinagar,dia,4.5
Gandhinagar,dia,4.51
Gandhinagar,dia,4.52
Gandhinagar,dia,4.51
Gandhinagar,dia,4.5
Gandhinagar,dia,4.49
Gandhinagar,dia,4.49
Gandhinagar,dia,4.47
Gandhinagar,dia,4.46
Gandhinagar,dia,4.45
Gandhinagar,dia,4.43
Gandhinagar,dia,4.41
Gandhinagar,dia,4.39
Gandhinagar,dia,4.39
Gandhinagar,dia,4.34
Gandhinagar,dia,4.32
Gandhinagar,dia,4.29
Gandhinagar,dia,4.25
Gandhinagar,dia,4.2
Gandhinagar,dia,4.16
Gandhinagar,dia,4.11
Gandhinagar,dia,4.05
Gandhinagar,dia,4.0
Gandhinagar,dia,3.95
Gandhinagar,dia,3.9
Gandhinagar,dia,3.85
Gandhinagar,dia,3.8
Gandhinagar,dia,3.75
Gandhinagar,dia,3.7
Gandhinagar,dia,3.64
Gandhinagar,dia,3.6
Gandhinagar,dia,3.55
Gandhinagar,dia,3.5
Gandhinagar,dia,3.44
Gandhinagar,dia,3.38
Gandhinagar,dia,3.31
Gandhinagar,dia,3.24
Gandhinagar,dia,3.18
Gandhinagar,dia,3.11
Gandhinagar,dia,3.05
Gandhinagar,dia,2.99
Gandhinagar,dia,2.94
Gandhinagar,dia,2.9
Gandhinagar,dia,2.85
Gandhinagar,dia,2.8
Gandhinagar,dia,2.74
Gandhinagar,dia,2.69
Gandhinagar,dia,2.64
Gandhinagar,dia,2.59
Gandhinagar,dia,2.53
Gandhinagar,dia,2.48
Gandhinagar,dia,2.42
Gandhinagar,dia,2.38
Gandhinagar,dia,2.34
Gandhinagar,dia,2.29
Gandhinagar,dia,2.23
Gandhinagar,dia,2.18
Gandhinagar,dia,2.12
Gandhinagar,dia,2.07
Gandhinagar,dia,2.02
Gandhinagar,dia,1.97
Gandhinagar,dia,1.92
Gandhinagar,dia,1.85
Gandhinagar,dia,1.78
Gandhinagar,dia,1.71
Gandhinagar,dia,1.63
Gandhinagar,dia,1.57
Gandhinagar,dia,1.46
Gandhinagar,dia,1.38
Gandhinagar,dia,1.28
Gandhinagar,dia,1.22
Gandhinagar,dia,1.16
Gandhinagar,dia,1.1
Gandhinagar,dia,1.06
Gandhinagar,dia,1.02
Gandhinagar,dia,0.97
Gandhinagar,dia,0.95
Gandhinagar,dia,0.94
Gandhinagar,dia,0.94
Gandhinagar,dia,0.94
Gandhinagar,dia,0.95
Gandhinagar,dia,0.92
Gandhinagar,dia,0.88
Gandhinagar,dia,0.86
Gandhinagar,dia,0.84
Gandhinagar,dia,0.82
Gandhinagar,dia,0.79
Gandhinagar,dia,0.79
Gandhinagar,dia,0.81
Gandhinagar,dia,0.86
Gandhinagar,dia,0.92
Gandhinagar,dia,1.06
Gandhinagar,dia,1.08
Gandhinagar,dia,1.08
Gandhinagar,dia,1.12
Gandhinagar,dia,1.12
Gandhinagar,dia,1.21
Gandhinagar,dia,1.26
Gandhinagar,dia,1.15
Gandhinagar,dia,1.14
Gandhinagar,dia,1.1
Gandhinagar,dia,1.0
Gandhinagar,dia,0.97
Gandhinagar,dia,0.94
Gandhinagar,dia,0.98
Gandhinagar,dia,1.11
Gandhinagar,dia,1.32
Gandhinagar,dia,1.39
Gandhinagar,dia,1.6
Gandhinagar,dia,1.89
Gandhinagar,dia,2.14
Gandhinagar,dia,2.29
Gandhinagar,dia,2.44
Gandhinagar,dia,2.66
Gandhinagar,dia,2.68
Gandhinagar,dia,2.83
Gandhinagar,dia,2.92
Gandhinagar,dia,3.04
Gandhinagar,dia,3.12
Gandhinagar,dia,3.2
Gandhinagar,dia,3.25
Gandhinagar,dia,3.36
Gandhinagar,dia,3.47
Gandhinagar,dia,3.59
Gandhinagar,dia,3.68
Gandhinagar,dia,3.79
Gandhinagar,dia,3.89
Gandhinagar,dia,3.98
Gandhinagar,dia,4.05
Gandhinagar,dia,4.12
Gandhinagar,dia,4.21
Gandhinagar,dia,4.27
Gandhinagar,dia,4.29
Gandhinagar,dia,4.36
Gandhinagar,dia,4.39
Gandhinagar,dia,4.46
Gandhinagar,dia,4.51
Gandhinagar,dia,4.52
Gandhinagar,dia,4.58
Gandhinagar,dia,4.64
Gandhinagar,dia,4.7
Gandhinagar,dia,4.77
Gandhinagar,dia,4.81
Gandhinagar,dia,4.89
Gandhinagar,dia,4.92
Gandhinagar,dia,5.0
Gandhinagar,dia,5.07
Gandhinagar,dia,5.13
Gandhinagar,dia,5.15
Gandhinagar,dia,5.13
Gandhinagar,dia,5.09
Gandhinagar,dia,5.04
Gandhinagar,dia,4.95
Gandhinagar,dia,4.87
Gandhinagar,dia,4.77
Gandhinagar,dia,4.58
Gandhinagar,dia,4.37
Gandhinagar,dia,4.32
Gandhinagar,dia,4.16
Gandhinagar,dia,4.05
Gandhinagar,dia,3.7
Gandhinagar,dia,3.6
Gandhinagar,dia,3.69
Gandhinagar,dia,3.7
Gandhinagar,dia,3.84
Gandhinagar,dia,3.97
Gandhinagar,dia,4.11
Gandhinagar,dia,4.32
Gandhinagar,dia,4.53
Gandhinagar,dia,4.72
Gandhinagar,dia,4.72
Gandhinagar,dia,4.87
Gandhinagar,dia,5.02
Gandhinagar,dia,5.11
Gandhinagar,dia,5.31
Gandhinagar,dia,5.35
Gandhinagar,dia,5.59
Gandhinagar,dia,5.82
Gandhinagar,dia,5.99
Gandhinagar,dia,6.24
Gandhinagar,dia,6.54
Gandhinagar,dia,6.75
Gandhinagar,dia,7.02
Gandhinagar,dia,7.17
Gandhinagar,dia,7.3
Gandhinagar,dia,7.49
Gandhinagar,dia,7.74
Gandhinagar,dia,7.98
Gandhinagar,dia,8.21
Gandhinagar,dia,8.39
Gandhinagar,dia,8.54
Gandhinagar,dia,8.66
Gandhinagar,dia,8.76
Gandhinagar,dia,8.84
Gandhinagar,dia,5.11
Gandhinagar,dia,5.14
Gandhinagar,dia,5.17
Gandhinagar,dia,5.22
Gandhinagar,dia,5.25
Gandhinagar,dia,5.26
Gandhinagar,dia,5.26
Gandhinagar,dia,5.25
Gandhinagar,dia,5.27
Gandhinagar,dia,5.25
Gandhinagar,dia,5.26
Gandhinagar,dia,5.26
Gandhinagar,dia,5.25
Gandhinagar,dia,8.51
Gandhinagar,dia,8.49
Gandhinagar,dia,8.47
Gandhinagar,dia,8.45
Gandhinagar,dia,8.43
Gandhinagar,dia,8.4
Gandhinagar,dia,8.33
Gandhinagar,dia,2.38
Gandhinagar,dia,2.33
Gandhinagar,dia,2.34
Gandhinagar,dia,2.44
Gandhinagar,dia,2.62
Gandhinagar,dia,2.78
Gandhinagar,dia,3.04
Gandhinagar,dia,3.27
Gandhinagar,dia,3.36
Gandhinagar,dia,3.47
Gandhinagar,dia,3.45
Gandhinagar,dia,3.36
Gandhinagar,dia,3.26
Gandhinagar,dia,3.12
Gandhinagar,dia,3.05
Gandhinagar,dia,2.9
Gandhinagar,dia,3.03
Gandhinagar,dia,3.18
Gandhinagar,dia,3.12
Gandhinagar,dia,8.26
Gandhinagar,dia,8.16
Gandhinagar,dia,8.13
Gandhinagar,dia,8.16
Gandhinagar,dia,8.22
Gandhinagar,dia,8.29
Gandhinagar,dia,8.31
Gandhinagar,dia,8.36
Gandhinagar,dia,8.41
Gandhinagar,dia,8.41
Gandhinagar,dia,1.14
Gandhinagar,dia,1.19
Gandhinagar,dia,1.25
Gandhinagar,dia,1.28
Gandhinagar,dia,1.27
Gandhinagar,dia,1.29
Gandhinagar,dia,1.31
Gandhinagar,dia,1.35
Gandhinagar,dia,1.4
Gandhinagar,dia,1.47
Gandhinagar,dia,1.54
Gandhinagar,dia,1.63
Gandhinagar,dia,1.75
Gandhinagar,dia,1.86
Gandhinagar,dia,1.94
Gandhinagar,dia,1.96
Gandhinagar,dia,1.99
Gandhinagar,dia,2.02
Gandhinagar,dia,2.05
Gandhinagar,dia,2.06
Gandhinagar,dia,2.94
Gandhinagar,dia,2.63
Gandhinagar,dia,2.37
Gandhinagar,dia,2.11
Gandhinagar,dia,2.1
Gandhinagar,dia,2.12
Gandhinagar,dia,2.14
Gandhinagar,dia,2.13
Gandhinagar,dia,2.11
Gandhinagar,dia,2.12
Gandhinagar,dia,2.15
Gandhinagar,dia,2.21
Gandhinagar,dia,2.24
Gandhinagar,dia,2.28
Gandhinagar,dia,2.32
Gandhinagar,dia,2.36
Gandhinagar,dia,2.4
Gandhinagar,dia,2.45
Gandhinagar,dia,2.48
Gandhinagar,dia,2.55
Gandhinagar,dia,2.61
Gandhinagar,dia,2.67
Gandhinagar,dia,2.76
Gandhinagar,dia,2.84
Gandhinagar,dia,2.93
Gandhinagar,dia,3.01
Gandhinagar,dia,3.1
Gandhinagar,dia,3.18
Gandhinagar,dia,3.25
Gandhinagar,dia,3.33
Gandhinagar,dia,3.4
Gandhinagar,dia,3.48
Gandhinagar,dia,3.56
Gandhinagar,dia,3.66
Gandhinagar,dia,3.75
Gandhinagar,dia,3.86
Gandhinagar,dia,3.94
Gandhinagar,dia,4.03
Gandhinagar,dia,4.08
Gandhinagar,dia,4.14
Gandhinagar,dia,4.22
Gandhinagar,dia,4.4
Gandhinagar,dia,4.61
Gandhinagar,dia,4.86
Gandhinagar,dia,5.22
Gandhinagar,dia,5.59
Gandhinagar,dia,6.01
Gandhinagar,dia,6.44
Gandhinagar,dia,6.72
Gandhinagar,dia,6.82
Gandhinagar,dia,6.81
Gandhinagar,dia,7.12
Gandhinagar,dia,7.31
Gandhinagar,dia,5.63
Gandhinagar,dia,5.53
Gandhinagar,dia,5.47
Gandhinagar,dia,5.41
Gandhinagar,dia,5.33
Gandhinagar,dia,5.26
Gandhinagar,dia,5.18
Gandhinagar,dia,5.09
Gandhinagar,dia,4.99
Gandhinagar,dia,4.9
Gandhinagar,dia,4.81
Gandhinagar,dia,4.74
Gandhinagar,dia,4.64
Gandhinagar,dia,4.56
Gandhinagar,dia,4.44
Gandhinagar,dia,2.3
Gandhinagar,dia,2.4
Gandhinagar,dia,2.48
Gandhinagar,dia,2.54
Gandhinagar,dia,2.6
Gandhinagar,dia,2.65
Gandhinagar,dia,2.64
Gandhinagar,dia,2.61
Gandhinagar,dia,2.59
Gandhinagar,dia,2.58
Gandhinagar,dia,2.49
Gandhinagar,dia,2.49
Gandhinagar,dia,2.55
Gandhinagar,dia,2.66
Gandhinagar,dia,2.83
Gandhinagar,dia,3.06
Gandhinagar,dia,3.32
Gandhinagar,dia,3.53
Gandhinagar,dia,2.04
Gandhinagar,dia,2.16
Gandhinagar,dia,2.3
Gandhinagar,dia,2.38
Gandhinagar,dia,2.4
Gandhinagar,dia,2.62
Gandhinagar,dia,2.77
Gandhinagar,dia,2.78
Gandhinagar,dia,3.33
Gandhinagar,dia,3.57
Gandhinagar,dia,3.85
Gandhinagar,dia,3.25
Gandhinagar,dia,3.13
Gandhinagar,dia,2.21
Gandhinagar,dia,2.14
Gandhinagar,dia,2.06
Gandhinagar,dia,1.97
Gandhinagar,dia,1.89
Gandhinagar,dia,1.82
Gandhinagar,dia,1.76
Gandhinagar,dia,1.68
Gandhinagar,dia,1.61
Gandhinagar,dia,1.54
Gandhinagar,dia,1.49
Gandhinagar,dia,1.45
Gandhinagar,dia,1.42
Gandhinagar,dia,1.8
Gandhinagar,dia,1.88
Gandhinagar,dia,1.94
Gandhinagar,dia,1.37
Gandhinagar,dia,1.33
Gandhinagar,dia,1.3
Gandhinagar,dia,1.25
Gandhinagar,dia,1.21
Gandhinagar,dia,1.18
Gandhinagar,dia,1.15
Gandhinagar,dia,1.13
Gandhinagar,dia,1.11
Gandhinagar,dia,1.1
Gandhinagar,dia,3.0
Gandhinagar,dia,2.84
Gandhinagar,dia,2.78
Gandhinagar,dia,2.69
Gandhinagar,dia,2.77
Gandhinagar,dia,2.8
Gandhinagar,dia,2.83
Gandhinagar,dia,2.76
Gandhinagar,dia,2.67
Gandhinagar,dia,2.56
Gandhinagar,dia,2.47
Gandhinagar,dia,3.8
Gandhinagar,dia,3.81
Gandhinagar,dia,3.8
Gandhinagar,dia,3.79
Gandhinagar,dia,3.73
Gandhinagar,dia,3.67
Gandhinagar,dia,3.59
Gandhinagar,dia,3.59
Gandhinagar,dia,3.55
Gandhinagar,dia,3.57
Gandhinagar,dia,3.53
Gandhinagar,dia,3.51
Gandhinagar,dia,3.47
Gandhinagar,dia,3.44
Gandhinagar,dia,3.37
Gandhinagar,dia,3.33
Gandhinagar,dia,3.27
Gandhinagar,dia,3.19
Gandhinagar,dia,3.12
Gandhinagar,dia,3.01
Gandhinagar,dia,3.11
Gandhinagar,dia,3.24
Gandhinagar,dia,4.94
Gandhinagar,dia,4.96
Gandhinagar,dia,4.98
Gandhinagar,dia,4.98
Gandhinagar,dia,4.98
Gandhinagar,dia,4.97
Gandhinagar,dia,4.96
Gandhinagar,dia,4.94
Gandhinagar,dia,4.92
Gandhinagar,dia,4.91
Gandhinagar,dia,4.89
Gandhinagar,dia,4.87
Gandhinagar,dia,4.83
Gandhinagar,dia,4.8
Gandhinagar,dia,4.76
Gandhinagar,dia,4.73
Gandhinagar,dia,4.71
Gandhinagar,dia,4.71
Gandhinagar,dia,4.7
Gandhinagar,dia,4.71
Gandhinagar,dia,4.75
Gandhinagar,dia,4.93
Gandhinagar,dia,5.06
Gandhinagar,dia,5.27
Gandhinagar,dia,5.89
Gandhinagar,dia,6.23
Gandhinagar,dia,6.56
Gandhinagar,dia,7.01
Gandhinagar,dia,7.45
Gandhinagar,dia,7.94
Gandhinagar,dia,8.94
Gandhinagar,dia,9.71
Gandhinagar,dia,10.3
Gandhinagar,dia,11.12
Gandhinagar,dia,11.55
Gandhinagar,dia,12.14
Gandhinagar,dia,12.0
Gandhinagar,dia,12.42
Gandhinagar,dia,12.16
Gandhinagar,dia,11.79
Gandhinagar,dia,11.67
Gandhinagar,dia,11.6
Gandhinagar,dia,11.43
Gandhinagar,dia,11.2
Gandhinagar,dia,10.91
Gandhinagar,dia,10.46
Gandhinagar,dia,9.86
Gandhinagar,dia,9.11
Gandhinagar,dia,8.3
Gandhinagar,dia,7.34
Gandhinagar,dia,6.15
Gandhinagar,dia,5.2
Gandhinagar,dia,4.32
Gandhinagar,dia,3.41
Gandhinagar,dia,2.38
Gandhinagar,dia,1.81
Gandhinagar,dia,0.92
Gandhinagar,dia,0.9
Gandhinagar,dia,1.45
Gandhinagar,dia,2.13
Gandhinagar,dia,2.59
Gandhinagar,dia,3.06
Gandhinagar,dia,3.4
Gandhinagar,dia,3.66
Gandhinagar,dia,3.88
Gandhinagar,dia,4.08
Gandhinagar,dia,4.24
Gandhinagar,dia,4.39
Gandhinagar,dia,4.53
Gandhinagar,dia,4.63
Gandhinagar,dia,4.69
Gandhinagar,dia,4.79
Gandhinagar,dia,4.83
Gandhinagar,dia,4.85
Gandhinagar,dia,4.85
Gandhinagar,dia,4.86
Gandhinagar,dia,4.87
Gandhinagar,dia,4.82
Gandhinagar,dia,4.77
Gandhinagar,dia,4.74
Gandhinagar,dia,4.7
Gandhinagar,dia,4.65
Gandhinagar,dia,4.59
Gandhinagar,dia,4.59
Gandhinagar,dia,4.48
Gandhinagar,dia,4.4
Gandhinagar,dia,4.34
Gandhinagar,dia,4.25
Gandhinagar,dia,4.18
Gandhinagar,dia,4.11
Gandhinagar,dia,3.99
Gandhinagar,dia,3.94
Gandhinagar,dia,3.8
Gandhinagar,dia,3.76
Gandhinagar,dia,3.63
Gandhinagar,dia,3.57
Gandhinagar,dia,3.43
Gandhinagar,dia,3.37
Gandhinagar,dia,3.23
Gandhinagar,dia,3.29
Gandhinagar,dia,3.85
Gandhinagar,dia,3.83
Gandhinagar,dia,3.83
Gandhinagar,dia,3.79
Gandhinagar,dia,3.76
Gandhinagar,dia,3.72
Gandhinagar,dia,3.67
Gandhinagar,dia,3.63
Gandhinagar,dia,3.57
Gandhinagar,dia,3.52
Gandhinagar,dia,3.46
Gandhinagar,dia,3.4
Gandhinagar,dia,3.33
Gandhinagar,dia,3.26
Gandhinagar,dia,3.2
Gandhinagar,dia,3.12
Gandhinagar,dia,3.06
Gandhinagar,dia,2.99
Gandhinagar,dia,2.92
Gandhinagar,dia,2.85
Gandhinagar,dia,2.78
Gandhinagar,dia,2.71
Gandhinagar,dia,2.64
Gandhinagar,dia,2.58
Gandhinagar,dia,2.53
Gandhinagar,dia,2.47
Gandhinagar,dia,2.41
Gandhinagar,dia,2.36
Gandhinagar,dia,2.31
Gandhinagar,dia,2.26
Gandhinagar,dia,2.21
Gandhinagar,dia,2.17
Gandhinagar,dia,2.12
Gandhinagar,dia,2.08
Gandhinagar,dia,2.04
Gandhinagar,dia,2.0
Gandhinagar,dia,1.97
Gandhinagar,dia,1.96
Gandhinagar,dia,1.91
Gandhinagar,dia,1.89
Gandhinagar,dia,1.86
Gandhinagar,dia,1.82
Gandhinagar,dia,1.8
Gandhinagar,dia,1.75
Gandhinagar,dia,1.74
Gandhinagar,dia,1.75
Gandhinagar,dia,1.76
Gandhinagar,dia,1.78
Gandhinagar,dia,1.81
Gandhinagar,dia,1.85
Gandhinagar,dia,1.9
Gandhinagar,dia,1.91
Gandhinagar,dia,1.89
Gandhinagar,dia,1.84
Gandhinagar,dia,1.75
Gandhinagar,dia,1.68
Gandhinagar,dia,1.62
Gandhinagar,dia,1.52
Gandhinagar,dia,1.44
Gandhinagar,dia,1.38
Gandhinagar,dia,1.33
Gandhinagar,dia,1.27
Gandhinagar,dia,1.22
Gandhinagar,dia,1.18
Gandhinagar,dia,1.16
Gandhinagar,dia,1.14
Gandhinagar,dia,1.14
Gandhinagar,dia,1.15
Gandhinagar,dia,1.18
Gandhinagar,dia,1.22
Gandhinagar,dia,1.26
Gandhinagar,dia,1.3
Gandhinagar,dia,1.35
Gandhinagar,dia,1.39
Gandhinagar,dia,1.44
Gandhinagar,dia,1.49
Gandhinagar,dia,1.54
Gandhinagar,dia,1.58
Gandhinagar,dia,1.62
Gandhinagar,dia,1.65
Gandhinagar,dia,1.66
Gandhinagar,dia,1.65
Gandhinagar,dia,1.64
Gandhinagar,dia,1.66
Gandhinagar,dia,1.68
Gandhinagar,dia,1.66
Gandhinagar,dia,1.62
Gandhinagar,dia,1.59
Gandhinagar,dia,1.57
Gandhinagar,dia,1.55
Gandhinagar,dia,1.5
Gandhinagar,dia,1.46
Gandhinagar,dia,1.44
Gandhinagar,dia,1.45
Gandhinagar,dia,1.46
Gandhinagar,dia,1.43
Gandhinagar,dia,1.41
Gandhinagar,dia,1.44
Gandhinagar,dia,1.47
Gandhinagar,dia,1.45
Gandhinagar,dia,1.44
Gandhinagar,dia,1.43
Gandhinagar,dia,1.48
Gandhinagar,dia,1.49
Gandhinagar,dia,1.44
Gandhinagar,dia,1.4
Gandhinagar,dia,1.36
Gandhinagar,dia,1.33
Gandhinagar,dia,1.31
Gandhinagar,dia,1.32
Gandhinagar,dia,1.35
Gandhinagar,dia,1.41
Gandhinagar,dia,1.48
Gandhinagar,dia,1.54
Gandhinagar,dia,1.58
Gandhinagar,dia,1.58
Gandhinagar,dia,1.6
Gandhinagar,dia,1.63
Gandhinagar,dia,1.66
Gandhinagar,dia,1.71
Gandhinagar,dia,1.76
Gandhinagar,dia,1.83
Gandhinagar,dia,1.88
Gandhinagar,dia,1.94
Gandhinagar,dia,1.98
Gandhinagar,dia,2.01
Gandhinagar,dia,2.06
Gandhinagar,dia,2.1
Gandhinagar,dia,2.13
Gandhinagar,dia,2.16
Gandhinagar,dia,2.2
Gandhinagar,dia,2.24
Gandhinagar,dia,2.28
Gandhinagar,dia,2.32
Gandhinagar,dia,2.36
Gandhinagar,dia,2.4
Gandhinagar,dia,2.44
Gandhinagar,dia,2.47
Gandhinagar,dia,2.51
Gandhinagar,dia,2.57
Gandhinagar,dia,2.6
Gandhinagar,dia,2.65
Gandhinagar,dia,2.69
Gandhinagar,dia,2.74
Gandhinagar,dia,2.78
Gandhinagar,dia,2.82
Gandhinagar,dia,2.86
Gandhinagar,dia,2.89
Gandhinagar,dia,2.94
Gandhinagar,dia,2.97
Gandhinagar,dia,3.02
Gandhinagar,dia,3.07
Gandhinagar,dia,3.12
Gandhinagar,dia,3.18
Gandhinagar,dia,3.23
Gandhinagar,dia,3.29
Gandhinagar,dia,3.33
Gandhinagar,dia,3.37
Gandhinagar,dia,3.4
Gandhinagar,dia,3.43
Gandhinagar,dia,3.47
Gandhinagar,dia,3.51
Gandhinagar,dia,3.55
Gandhinagar,dia,3.59
Gandhinagar,dia,3.64
Gandhinagar,dia,3.69
Gandhinagar,dia,3.74
Gandhinagar,dia,3.79
Gandhinagar,dia,3.84
Gandhinagar,dia,3.88
Gandhinagar,dia,3.92
Gandhinagar,dia,3.95
Gandhinagar,dia,3.98
Gandhinagar,dia,3.99
Gandhinagar,dia,3.99
Gandhinagar,dia,3.98
Gandhinagar,dia,3.96
Gandhinagar,dia,3.92
Gandhinagar,dia,3.86
Gandhinagar,dia,3.81
Gandhinagar,dia,3.68
Gandhinagar,dia,3.53
Gandhinagar,dia,3.32
Gandhinagar,dia,3.16
Gandhinagar,dia,2.96
Gandhinagar,dia,2.74
Gandhinagar,dia,2.59
Gandhinagar,dia,2.47
Gandhinagar,dia,2.41
Gandhinagar,dia,2.4
Gandhinagar,dia,3.14
Gandhinagar,dia,3.09
Gandhinagar,dia,2.02
Gandhinagar,dia,2.05
Gandhinagar,dia,2.43
Gandhinagar,dia,2.43
Gandhinagar,dia,2.41
Gandhinagar,dia,2.37
Gandhinagar,dia,2.34
Gandhinagar,dia,2.33
Gandhinagar,dia,2.24
Gandhinagar,dia,2.2
Gandhinagar,dia,2.11
Gandhinagar,dia,2.08
Gandhinagar,dia,1.93
Gandhinagar,dia,1.88
Gandhinagar,dia,1.78
Gandhinagar,dia,1.63
Gandhinagar,dia,1.46
Gandhinagar,dia,1.25
Gandhinagar,dia,1.14
Gandhinagar,dia,0.84
Gandhinagar,dia,0.75
Gandhinagar,dia,0.71
Gandhinagar,dia,0.62
Gandhinagar,dia,0.67
Gandhinagar,dia,0.89
Gandhinagar,dia,1.17
Gandhinagar,dia,1.52
Gandhinagar,dia,2.37
Gandhinagar,dia,2.85
Gandhinagar,dia,3.15
Gandhinagar,dia,3.54
Gandhinagar,dia,4.17
Gandhinagar,dia,4.95
Gandhinagar,dia,5.76
Gandhinagar,dia,6.66
Gandhinagar,dia,7.47
Gandhinagar,dia,7.47
Gandhinagar,dia,7.34
Gandhinagar,dia,7.53
Gandhinagar,dia,7.94
Gandhinagar,dia,7.28
Gandhinagar,dia,6.89
Gandhinagar,dia,6.54
Gandhinagar,dia,6.13
Gandhinagar,dia,5.79
Gandhinagar,dia,5.31
Gandhinagar,dia,4.77
Gandhinagar,dia,4.63
Gandhinagar,dia,4.31
Gandhinagar,dia,4.03
Gandhinagar,dia,3.56
Gandhinagar,dia,3.39
Gandhinagar,dia,3.23
Gandhinagar,dia,2.98
Gandhinagar,dia,2.72
Gandhinagar,dia,2.53
Gandhinagar,dia,2.45
Gandhinagar,dia,2.41
Gandhinagar,dia,2.39
Gandhinagar,dia,2.46
Gandhinagar,dia,2.53
Gandhinagar,dia,2.63
Gandhinagar,dia,2.75
Gandhinagar,dia,2.88
Gandhinagar,dia,3.02
Gandhinagar,dia,3.14
Gandhinagar,dia,3.26
Gandhinagar,dia,3.38
Gandhinagar,dia,3.51
Gandhinagar,dia,3.62
Gandhinagar,dia,3.73
Gandhinagar,dia,3.84
Gandhinagar,dia,3.94
Gandhinagar,dia,4.03
Gandhinagar,dia,4.1
Gandhinagar,dia,4.17
Gandhinagar,dia,4.21
Gandhinagar,dia,4.27
Gandhinagar,dia,4.3
Gandhinagar,dia,4.32
Gandhinagar,dia,4.35
Gandhinagar,dia,4.37
Gandhinagar,dia,4.38
Gandhinagar,dia,4.39
Gandhinagar,dia,4.39
Gandhinagar,dia,4.39
Gandhinagar,dia,4.4
Gandhinagar,dia,4.4
Gandhinagar,dia,4.41
Gandhinagar,dia,4.42
Gandhinagar,dia,4.43
Gandhinagar,dia,4.43
Gandhinagar,dia,4.44
Gandhinagar,dia,4.45
Gandhinagar,dia,4.46
Gandhinagar,dia,4.46
Gandhinagar,dia,4.47
Gandhinagar,dia,4.48
Gandhinagar,dia,4.48
Gandhinagar,dia,4.53
Gandhinagar,dia,4.62
Gandhinagar,dia,4.7
Gandhinagar,dia,4.79
Gandhinagar,dia,4.87
Gandhinagar,dia,4.97
Gandhinagar,dia,5.07
Gandhinagar,dia,5.16
Gandhinagar,dia,5.26
Gandhinagar,dia,5.36
Gandhinagar,dia,5.45
Gandhinagar,dia,5.55
Gandhinagar,dia,5.64
Gandhinagar,dia,5.73
Gandhinagar,dia,5.81
Gandhinagar,dia,5.9
Gandhinagar,dia,5.98
Gandhinagar,dia,6.05
Gandhinagar,dia,6.12
Gandhinagar,dia,6.18
Gandhinagar,dia,6.24
Gandhinagar,dia,6.29
Gandhinagar,dia,6.34
Gandhinagar,dia,6.36
Gandhinagar,dia,6.39
Gandhinagar,dia,6.4
Gandhinagar,dia,6.41
Gandhinagar,dia,6.41
Gandhinagar,dia,6.42
Gandhinagar,dia,6.42
Gandhinagar,dia,6.42
Gandhinagar,dia,6.41
Gandhinagar,dia,6.41
Gandhinagar,dia,6.4
Gandhinagar,dia,6.39
Gandhinagar,dia,6.38
Gandhinagar,dia,6.37
Gandhinagar,dia,6.34
Gandhinagar,dia,6.31
Gandhinagar,dia,6.3
Gandhinagar,dia,6.29
Gandhinagar,dia,6.28
Gandhinagar,dia,6.27
Gandhinagar,dia,6.25
Gandhinagar,dia,6.25
Gandhinagar,dia,6.26
Gandhinagar,dia,6.21
Gandhinagar,dia,6.28
Gandhinagar,dia,6.29
Gandhinagar,dia,6.32
Gandhinagar,dia,6.38
Gandhinagar,dia,6.43
Gandhinagar,dia,6.52
Gandhinagar,dia,6.55
Gandhinagar,dia,6.65
Gandhinagar,dia,6.76
Gandhinagar,dia,6.89
Gandhinagar,dia,6.98
Gandhinagar,dia,7.05
Gandhinagar,dia,7.14
Gandhinagar,dia,7.19
Gandhinagar,dia,6.31
Gandhinagar,dia,6.28
Gandhinagar,dia,8.55
Gandhinagar,dia,8.9
Gandhinagar,dia,4.41
Gandhinagar,dia,4.26
Gandhinagar,dia,4.22
Gandhinagar,dia,9.0
Gandhinagar,dia,2.53
Gandhinagar,dia,4.04
Gandhinagar,dia,3.62
Gandhinagar,dia,3.47
Gandhinagar,dia,3.37
Gandhinagar,dia,3.29
Gandhinagar,dia,3.09
Gandhinagar,dia,3.03
Gandhinagar,dia,2.96
Gandhinagar,dia,2.83
Gandhinagar,dia,2.68
Gandhinagar,dia,2.45
Gandhinagar,dia,2.29
Gandhinagar,dia,0.94
Gandhinagar,dia,0.94
Gandhinagar,dia,0.87
Gandhinagar,dia,0.77
Gandhinagar,dia,0.79
Gandhinagar,dia,0.83
Gandhinagar,dia,0.86
Gandhinagar,dia,0.94
Gandhinagar,dia,0.94
Gandhinagar,dia,1.02
Gandhinagar,dia,1.07
Gandhinagar,dia,1.17
Gandhinagar,dia,1.29
Gandhinagar,dia,1.37
Gandhinagar,dia,1.52
Gandhinagar,dia,1.62
Gandhinagar,dia,1.73
Gandhinagar,dia,1.75
Gandhinagar,dia,1.71
Gandhinagar,dia,1.71
Gandhinagar,dia,1.72
Gandhinagar,dia,1.67
Gandhinagar,dia,1.68
Gandhinagar,dia,1.58
Gandhinagar,dia,1.46
Gandhinagar,dia,1.37
Gandhinagar,dia,1.27
Gandhinagar,dia,1.23
Gandhinagar,dia,1.19
Gandhinagar,dia,8.83
Gandhinagar,dia,8.71
Gandhinagar,dia,8.27
Gandhinagar,dia,8.08
Gandhinagar,dia,7.86
Gandhinagar,dia,7.65
Gandhinagar,dia,7.43
Gandhinagar,dia,7.78
Gandhinagar,dia,7.95
Gandhinagar,dia,8.14
Gandhinagar,dia,8.29
Gandhinagar,dia,8.44
Gandhinagar,dia,8.6
Gandhinagar,dia,8.75
Gandhinagar,dia,8.88
Gandhinagar,dia,9.02
Gandhinagar,dia,9.15
Gandhinagar,dia,9.28
Gandhinagar,dia,9.36
Gandhinagar,dia,9.44
Gandhinagar,dia,9.51
Gandhinagar,dia,9.58
Gandhinagar,dia,9.64
Gandhinagar,dia,9.73
Gandhinagar,dia,9.8
Gandhinagar,dia,9.88
Gandhinagar,dia,9.95
Gandhinagar,dia,10.02
Gandhinagar,dia,10.09
Gandhinagar,dia,10.15
Gandhinagar,dia,10.2
Gandhinagar,dia,10.27
Gandhinagar,dia,10.32
Gandhinagar,dia,10.37
Gandhinagar,dia,10.41
Gandhinagar,dia,10.44
Gandhinagar,dia,10.47
Gandhinagar,dia,10.52
Gandhinagar,dia,10.62
Gandhinagar,dia,10.7
Gandhinagar,dia,10.8
Gandhinagar,dia,10.87
Gandhinagar,dia,10.94
Gandhinagar,dia,11.03
Gandhinagar,dia,11.09
Gandhinagar,dia,11.18
Gandhinagar,dia,11.21
Gandhinagar,dia,11.24
Gandhinagar,dia,11.25
Gandhinagar,dia,11.26
Gandhinagar,dia,11.31
Gandhinagar,dia,11.31
Gandhinagar,dia,11.34
Gandhinagar,dia,11.4
Gandhinagar,dia,11.46
Gandhinagar,dia,11.52
Gandhinagar,dia,11.56
Gandhinagar,dia,11.61
Gandhinagar,dia,11.65
Gandhinagar,dia,11.69
Gandhinagar,dia,11.73
Gandhinagar,dia,11.79
Gandhinagar,dia,11.85
Gandhinagar,dia,11.9
Gandhinagar,dia,11.95
Gandhinagar,dia,12.0
Gandhinagar,dia,12.05
Gandhinagar,dia,12.1
Gandhinagar,dia,12.13
Gandhinagar,dia,12.17
Gandhinagar,dia,12.21
Gandhinagar,dia,12.24
Gandhinagar,dia,12.24
Gandhinagar,dia,12.25
Gandhinagar,dia,12.27
Gandhinagar,dia,12.27
Gandhinagar,dia,12.3
Gandhinagar,dia,12.32
Gandhinagar,dia,12.31
Gandhinagar,dia,12.3
Gandhinagar,dia,12.3
Gandhinagar,dia,12.3
Gandhinagar,dia,12.24
Gandhinagar,dia,12.22
Gandhinagar,dia,12.19
Gandhinagar,dia,12.12
Gandhinagar,dia,12.07
Gandhinagar,dia,12.04
Gandhinagar,dia,12.01
Gandhinagar,dia,11.99
Gandhinagar,dia,11.99
Gandhinagar,dia,12.06
Gandhinagar,dia,12.09
Gandhinagar,dia,12.12
Gandhinagar,dia,12.1
Gandhinagar,dia,12.08
Gandhinagar,dia,12.04
Gandhinagar,dia,11.92
Gandhinagar,dia,11.76
Gandhinagar,dia,11.57
Gandhinagar,dia,11.38
Gandhinagar,dia,11.16
Gandhinagar,dia,10.92
Gandhinagar,dia,10.72
Gandhinagar,dia,10.57
Gandhinagar,dia,10.37
Gandhinagar,dia,10.14
Gandhinagar,dia,9.91
Gandhinagar,dia,9.73
Gandhinagar,dia,9.48
Gandhinagar,dia,9.23
Gandhinagar,dia,8.9
Gandhinagar,dia,8.46
Gandhinagar,dia,7.92
Gandhinagar,dia,7.71
Gandhinagar,dia,7.23
Gandhinagar,dia,6.94
Gandhinagar,dia,6.61
Gandhinagar,dia,6.28
Gandhinagar,dia,5.93
Gandhinagar,dia,5.67
Gandhinagar,dia,5.59
Gandhinagar,dia,5.53
Gandhinagar,dia,6.21
Gandhinagar,dia,6.29
Gandhinagar,dia,6.65
Gandhinagar,dia,7.0
Gandhinagar,dia,7.12
Gandhinagar,dia,7.56
Gandhinagar,dia,7.94
Gandhinagar,dia,7.99
Gandhinagar,dia,8.28
Gandhinagar,dia,8.37
Gandhinagar,dia,8.55
Gandhinagar,dia,8.58
Gandhinagar,dia,8.69
Gandhinagar,dia,8.72
Gandhinagar,dia,8.78
Gandhinagar,dia,8.82
Gandhinagar,dia,8.82
Gandhinagar,dia,8.84
Gandhinagar,dia,3.29
Gandhinagar,dia,3.41
Gandhinagar,dia,3.49
Gandhinagar,dia,3.6
Gandhinagar,dia,3.63
Gandhinagar,dia,9.19
Gandhinagar,dia,8.93
Gandhinagar,dia,9.04
Gandhinagar,dia,9.08
Gandhinagar,dia,9.11
Gandhinagar,dia,9.11
Gandhinagar,dia,9.13
Gandhinagar,dia,9.14
Gandhinagar,dia,9.14
Gandhinagar,dia,9.13
Gandhinagar,dia,9.13
Gandhinagar,dia,9.11
Gandhinagar,dia,9.08
Gandhinagar,dia,9.07
Gandhinagar,dia,9.03
Gandhinagar,dia,8.39
Gandhinagar,dia,8.41
Gandhinagar,dia,8.44
Gandhinagar,dia,11.24
Gandhinagar,dia,11.31
Gandhinagar,dia,11.39
Gandhinagar,dia,11.44
Gandhinagar,dia,11.5
Gandhinagar,dia,11.55
Gandhinagar,dia,11.59
Gandhinagar,dia,11.64
Gandhinagar,dia,11.68
Gandhinagar,dia,11.73
Gandhinagar,dia,11.75
Gandhinagar,dia,11.78
Gandhinagar,dia,11.82
Gandhinagar,dia,11.86
Gandhinagar,dia,11.89
Gandhinagar,dia,11.92
Gandhinagar,dia,11.95
Gandhinagar,dia,11.98
Gandhinagar,dia,12.01
Gandhinagar,dia,12.04
Gandhinagar,dia,12.08
Gandhinagar,dia,12.11
Gandhinagar,dia,12.15
Gandhinagar,dia,12.18
Gandhinagar,dia,12.21
Gandhinagar,dia,12.24
Gandhinagar,dia,12.26
Gandhinagar,dia,3.39
Gandhinagar,dia,3.21
Gandhinagar,dia,8.45
Gandhinagar,dia,8.47
Gandhinagar,dia,8.48
Gandhinagar,dia,8.5
Gandhinagar,dia,8.53
Gandhinagar,dia,8.56
Gandhinagar,dia,8.59
Gandhinagar,dia,8.62
Gandhinagar,dia,8.66
Gandhinagar,dia,8.71
Gandhinagar,dia,8.78
Gandhinagar,dia,8.84
Gandhinagar,dia,8.9
Gandhinagar,dia,8.96
Gandhinagar,dia,9.02
Gandhinagar,dia,9.11
Gandhinagar,dia,9.17
Gandhinagar,dia,9.26
Gandhinagar,dia,9.34
Gandhinagar,dia,9.4
Gandhinagar,dia,9.47
Gandhinagar,dia,9.55
Gandhinagar,dia,9.62
Gandhinagar,dia,9.69
Gandhinagar,dia,9.73
Gandhinagar,dia,9.77
Gandhinagar,dia,9.81
Gandhinagar,dia,9.85
Gandhinagar,dia,9.86
Gandhinagar,dia,9.87
Gandhinagar,dia,9.87
Gandhinagar,dia,9.86
Gandhinagar,dia,9.84
Gandhinagar,dia,9.82
Gandhinagar,dia,9.8
Gandhinagar,dia,9.77
Gandhinagar,dia,9.73
Gandhinagar,dia,9.7
Gandhinagar,dia,9.67
Gandhinagar,dia,9.63
Gandhinagar,dia,9.58
Gandhinagar,dia,9.54
Gandhinagar,dia,9.48
Gandhinagar,dia,9.43
Gandhinagar,dia,9.38
Gandhinagar,dia,9.31
Gandhinagar,dia,9.25
Gandhinagar,dia,9.19
Gandhinagar,dia,9.13
Gandhinagar,dia,9.06
Gandhinagar,dia,8.99
Gandhinagar,dia,8.93
Gandhinagar,dia,8.85
Gandhinagar,dia,8.78
Gandhinagar,dia,1.94
Gandhinagar,dia,8.7
Gandhinagar,dia,8.62
Gandhinagar,dia,8.54
Gandhinagar,dia,8.44
Gandhinagar,dia,8.34
Gandhinagar,dia,8.26
Gandhinagar,dia,8.19
Gandhinagar,dia,8.1
Gandhinagar,dia,8.02
Gandhinagar,dia,7.94
Gandhinagar,dia,7.85
Gandhinagar,dia,7.77
Gandhinagar,dia,7.69
Gandhinagar,dia,7.61
Gandhinagar,dia,7.58
Gandhinagar,dia,7.57
Gandhinagar,dia,7.55
Gandhinagar,dia,7.54
Gandhinagar,dia,7.53
Gandhinagar,dia,7.55
Gandhinagar,dia,7.57
Gandhinagar,dia,7.55
Gandhinagar,dia,1.5
Gandhinagar,dia,7.52
Gandhinagar,dia,7.51
Gandhinagar,dia,1.58
Gandhinagar,dia,7.51
Gandhinagar,dia,7.5
Gandhinagar,dia,7.48
Gandhinagar,dia,1.65
Gandhinagar,dia,7.47
Gandhinagar,dia,1.61
Gandhinagar,dia,7.45
Gandhinagar,dia,1.61
Gandhinagar,dia,7.44
Gandhinagar,dia,1.57
Gandhinagar,dia,1.53
Gandhinagar,dia,7.42
Gandhinagar,dia,1.54
Gandhinagar,dia,7.4
Gandhinagar,dia,1.55
Gandhinagar,dia,1.56
Gandhinagar,dia,7.38
Gandhinagar,dia,1.55
Gandhinagar,dia,7.34
Gandhinagar,dia,1.51
Gandhinagar,dia,7.3
Gandhinagar,dia,1.52
Gandhinagar,dia,1.56
Gandhinagar,dia,7.36
Gandhinagar,dia,1.57
Gandhinagar,dia,7.38
Gandhinagar,dia,1.57
Gandhinagar,dia,7.41
Gandhinagar,dia,1.59
Gandhinagar,dia,7.43
Gandhinagar,dia,1.63
Gandhinagar,dia,7.43
Gandhinagar,dia,1.67
Gandhinagar,dia,7.45
Gandhinagar,dia,1.66
Gandhinagar,dia,7.45
Gandhinagar,dia,7.44
Gandhinagar,dia,7.45
Gandhinagar,dia,7.42
Gandhinagar,dia,7.41
Gandhinagar,dia,7.4
Gandhinagar,dia,7.36
Gandhinagar,dia,7.33
Gandhinagar,dia,7.29
Gandhinagar,dia,7.23
Gandhinagar,dia,7.18
Gandhinagar,dia,7.1
Gandhinagar,dia,7.03
Gandhinagar,dia,6.93
Gandhinagar,dia,6.84
Gandhinagar,dia,6.73
Gandhinagar,dia,6.61
Gandhinagar,dia,6.47
Gandhinagar,dia,6.35
Gandhinagar,dia,6.16
Gandhinagar,dia,5.96
Gandhinagar,dia,5.71
Gandhinagar,dia,5.54
Gandhinagar,dia,5.25
Gandhinagar,dia,5.09
Gandhinagar,dia,4.93
Gandhinagar,dia,4.77
Gandhinagar,dia,4.58
Gandhinagar,dia,4.38
Gandhinagar,dia,4.19
Gandhinagar,dia,4.02
Gandhinagar,dia,3.74
Gandhinagar,dia,3.56
Gandhinagar,dia,3.26
Gandhinagar,dia,3.12
Gandhinagar,dia,3.13
Gandhinagar,dia,3.17
Gandhinagar,dia,3.22
Gandhinagar,dia,3.27
Gandhinagar,dia,3.33
Gandhinagar,dia,3.4
Gandhinagar,dia,3.46
Gandhinagar,dia,3.51
Gandhinagar,dia,3.4
Gandhinagar,dia,3.1
Gandhinagar,dia,2.87
Gandhinagar,dia,2.62
Gandhinagar,dia,2.41
Gandhinagar,dia,2.29
Gandhinagar,dia,2.36
Gandhinagar,dia,2.43
Gandhinagar,dia,2.37
Gandhinagar,dia,2.41
Gandhinagar,dia,2.49
Gandhinagar,dia,2.59
Gandhinagar,dia,2.69
Gandhinagar,dia,2.77
Gandhinagar,dia,2.84
Gandhinagar,dia,2.91
Gandhinagar,dia,2.98
Gandhinagar,dia,2.9
Gandhinagar,dia,2.96
Gandhinagar,dia,3.02
Gandhinagar,dia,3.07
Gandhinagar,dia,3.13
Gandhinagar,dia,3.17
Gandhinagar,dia,3.2
Gandhinagar,dia,3.23
Gandhinagar,dia,3.22
Gandhinagar,dia,3.19
Gandhinagar,dia,3.18
Gandhinagar,dia,3.14
Gandhinagar,dia,3.11
Gandhinagar,dia,3.08
Gandhinagar,dia,3.03
Gandhinagar,dia,2.99
Gandhinagar,dia,2.94
Gandhinagar,dia,2.89
Gandhinagar,dia,2.85
Gandhinagar,dia,2.97
Gandhinagar,dia,2.92
Gandhinagar,dia,2.88
Gandhinagar,dia,2.83
Gandhinagar,dia,2.79
Gandhinagar,dia,2.74
Gandhinagar,dia,2.7
Gandhinagar,dia,2.67
Gandhinagar,dia,2.64
Gandhinagar,dia,2.63
Gandhinagar,dia,2.63
Gandhinagar,dia,2.7
Gandhinagar,dia,2.77
Gandhinagar,dia,2.84
Gandhinagar,dia,2.9
Gandhinagar,dia,2.96
Gandhinagar,dia,3.02
Gandhinagar,dia,3.08
Gandhinagar,dia,3.14
Gandhinagar,dia,3.2
Gandhinagar,dia,3.25
Gandhinagar,dia,3.3
Gandhinagar,dia,3.22
Gandhinagar,dia,3.27
Gandhinagar,dia,3.33
Gandhinagar,dia,3.37
Gandhinagar,dia,3.42
Gandhinagar,dia,3.47
Gandhinagar,dia,3.51
Gandhinagar,dia,3.55
Gandhinagar,dia,3.58
Gandhinagar,dia,3.62
Gandhinagar,dia,3.63
Gandhinagar,dia,3.64
Gandhinagar,dia,3.65
Gandhinagar,dia,2.9
Gandhinagar,dia,8.86
Gandhinagar,dia,8.78
Gandhinagar,dia,8.69
Gandhinagar,dia,8.58
Gandhinagar,dia,8.47
Gandhinagar,dia,8.34
Gandhinagar,dia,8.22
Gandhinagar,dia,8.94
Gandhinagar,dia,8.81
Gandhinagar,dia,8.72
Gandhinagar,dia,8.61
Gandhinagar,dia,8.46
Gandhinagar,dia,8.33
Gandhinagar,dia,8.17
Gandhinagar,dia,7.98
Gandhinagar,dia,7.77
Gandhinagar,dia,7.59
Gandhinagar,dia,7.42
Gandhinagar,dia,7.19
Gandhinagar,dia,7.01
Gandhinagar,dia,6.85
Gandhinagar,dia,6.59
Gandhinagar,dia,4.09
Gandhinagar,dia,4.12
Gandhinagar,dia,4.01
Gandhinagar,dia,4.02
Gandhinagar,dia,3.98
Gandhinagar,dia,4.03
Gandhinagar,dia,4.13
Gandhinagar,dia,4.24
Gandhinagar,dia,4.31
Gandhinagar,dia,4.05
Gandhinagar,dia,3.87
Gandhinagar,dia,3.74
Gandhinagar,dia,3.54
Gandhinagar,dia,3.5
Gandhinagar,dia,3.42
Gandhinagar,dia,3.48
Gandhinagar,dia,3.61
Gandhinagar,dia,3.81
Gandhinagar,dia,3.73
Gandhinagar,dia,4.06
Gandhinagar,dia,4.36
Gandhinagar,dia,4.56
Gandhinagar,dia,4.76
Gandhinagar,dia,4.84
Gandhinagar,dia,4.94
Gandhinagar,dia,5.1
Gandhinagar,dia,5.17
Gandhinagar,dia,5.34
Gandhinagar,dia,5.48
Gandhinagar,dia,5.66
Gandhinagar,dia,5.93
Gandhinagar,dia,6.18
Gandhinagar,dia,6.47
Gandhinagar,dia,6.7
Gandhinagar,dia,6.95
Gandhinagar,dia,7.17
Gandhinagar,dia,7.35
Gandhinagar,dia,7.56
Gandhinagar,dia,7.75
Gandhinagar,dia,7.92
Gandhinagar,dia,8.12
Gandhinagar,dia,8.28
Gandhinagar,dia,8.88
Gandhinagar,dia,5.24
Gandhinagar,dia,3.6
Gandhinagar,dia,3.64
Gandhinagar,dia,1.94
Gandhinagar,dia,1.9
Gandhinagar,dia,1.88
Gandhinagar,dia,1.85
Gandhinagar,dia,1.84
Gandhinagar,dia,1.85
Gandhinagar,dia,1.87
Gandhinagar,dia,1.91
Gandhinagar,dia,1.95
Gandhinagar,dia,3.32
Gandhinagar,dia,4.08
Gandhinagar,dia,3.9
Gandhinagar,dia,3.81
Gandhinagar,dia,3.7
Gandhinagar,dia,2.57
Gandhinagar,dia,1.97
Gandhinagar,dia,1.78
Gandhinagar,dia,1.59
Gandhinagar,dia,1.32
Gandhinagar,dia,1.21
Gandhinagar,dia,1.07
Gandhinagar,dia,1.0
Gandhinagar,dia,0.94
Gandhinagar,dia,6.78
Gandhinagar,dia,6.54
Gandhinagar,dia,6.36
Gandhinagar,dia,6.02
Gandhinagar,dia,5.76
Gandhinagar,dia,5.58
Gandhinagar,dia,5.14
Gandhinagar,dia,0.96
Gandhinagar,dia,4.82
Gandhinagar,dia,0.96
Gandhinagar,dia,4.76
Gandhinagar,dia,4.59
Gandhinagar,dia,4.51
Gandhinagar,dia,1.01
Gandhinagar,dia,1.15
Gandhinagar,dia,1.21
Gandhinagar,dia,1.28
Gandhinagar,dia,1.36
Gandhinagar,dia,1.44
Gandhinagar,dia,1.65
Gandhinagar,dia,1.71
Gandhinagar,dia,1.79
Gandhinagar,dia,4.15
Gandhinagar,dia,4.17
Gandhinagar,dia,3.69
Gandhinagar,dia,4.29
Gandhinagar,dia,4.33
Gandhinagar,dia,4.35
Gandhinagar,dia,4.46
Gandhinagar,dia,4.37
Gandhinagar,dia,4.37
Gandhinagar,dia,4.39
Gandhinagar,dia,5.38
Gandhinagar,dia,5.22
Gandhinagar,dia,4.41
Gandhinagar,dia,2.02
Gandhinagar,dia,4.42
Gandhinagar,dia,2.58
Gandhinagar,dia,2.61
Gandhinagar,dia,2.65
Gandhinagar,dia,2.68
Gandhinagar,dia,2.72
Gandhinagar,dia,2.75
Gandhinagar,dia,2.79
Gandhinagar,dia,2.83
Gandhinagar,dia,2.87
Gandhinagar,dia,2.91
Gandhinagar,dia,2.94
Gandhinagar,dia,2.97
Gandhinagar,dia,3.02
Gandhinagar,dia,3.04
Gandhinagar,dia,3.05
Gandhinagar,dia,3.07
Gandhinagar,dia,3.08
Gandhinagar,dia,3.11
Gandhinagar,dia,3.14
Gandhinagar,dia,3.17
Gandhinagar,dia,3.2
Gandhinagar,dia,3.24
Gandhinagar,dia,3.27
Gandhinagar,dia,3.32
Gandhinagar,dia,3.35
Gandhinagar,dia,3.39
Gandhinagar,dia,3.42
Gandhinagar,dia,3.45
Gandhinagar,dia,3.48
Gandhinagar,dia,3.51
Gandhinagar,dia,3.52
Gandhinagar,dia,3.5
Gandhinagar,dia,3.48
Gandhinagar,dia,3.47
Gandhinagar,dia,3.46
Gandhinagar,dia,3.45
Gandhinagar,dia,3.46
Gandhinagar,dia,3.46
Gandhinagar,dia,3.42
Gandhinagar,dia,8.5
Gandhinagar,dia,8.61
Gandhinagar,dia,4.89
Gandhinagar,dia,4.83
Gandhinagar,dia,4.62
Gandhinagar,dia,4.55
Gandhinagar,dia,4.49
Gandhinagar,dia,4.18
Gandhinagar,dia,2.15
Gandhinagar,dia,1.86
Gandhinagar,dia,1.96
Gandhinagar,dia,2.08
Gandhinagar,dia,2.2
Gandhinagar,dia,2.34
Gandhinagar,dia,2.46
Gandhinagar,dia,2.58
Gandhinagar,dia,2.67
Gandhinagar,dia,2.75
Gandhinagar,dia,2.82
Gandhinagar,dia,2.89
Gandhinagar,dia,2.95
Gandhinagar,dia,3.03
Gandhinagar,dia,3.12
Gandhinagar,dia,3.19
Gandhinagar,dia,3.26
Gandhinagar,dia,3.34
Gandhinagar,dia,3.42
Gandhinagar,dia,3.49
Gandhinagar,dia,3.57
Gandhinagar,dia,3.64
Gandhinagar,dia,3.7
Gandhinagar,dia,3.77
Gandhinagar,dia,3.84
Gandhinagar,dia,3.89
Gandhinagar,dia,3.96
Gandhinagar,dia,4.0
Gandhinagar,dia,4.04
Gandhinagar,dia,4.09
Gandhinagar,dia,4.12
Gandhinagar,dia,4.15
Gandhinagar,dia,4.17
Gandhinagar,dia,4.19
Gandhinagar,dia,4.19
Gandhinagar,dia,4.2
Gandhinagar,dia,4.23
Gandhinagar,dia,4.24
Gandhinagar,dia,4.27
Gandhinagar,dia,4.29
Gandhinagar,dia,4.32
Gandhinagar,dia,4.34
Gandhinagar,dia,4.34
Gandhinagar,dia,4.35
Gandhinagar,dia,4.36
Gandhinagar,dia,4.37
Gandhinagar,dia,4.38
Gandhinagar,dia,4.38
Gandhinagar,dia,4.39
Gandhinagar,dia,4.39
Gandhinagar,dia,4.4
Gandhinagar,dia,3.15
Gandhinagar,dia,7.91
Gandhinagar,dia,8.04
Gandhinagar,dia,8.21
Gandhinagar,dia,8.88
Gandhinagar,dia,2.34
Gandhinagar,dia,2.21
Gandhinagar,dia,8.21
Gandhinagar,dia,12.14
Gandhinagar,dia,12.17
Gandhinagar,dia,12.2
Gandhinagar,dia,12.24
Gandhinagar,dia,12.28
Gandhinagar,dia,12.27
Gandhinagar,dia,12.28
Gandhinagar,dia,12.29
Gandhinagar,dia,12.26
Gandhinagar,dia,12.25
Gandhinagar,dia,11.68
Gandhinagar,dia,11.64
Gandhinagar,dia,11.6
Gandhinagar,dia,11.56
Gandhinagar,dia,11.53
Gandhinagar,dia,11.49
Gandhinagar,dia,11.44
Gandhinagar,dia,11.42
Gandhinagar,dia,11.38
Gandhinagar,dia,11.32
Gandhinagar,dia,11.27
Gandhinagar,dia,11.22
Gandhinagar,dia,11.14
Gandhinagar,dia,11.03
Gandhinagar,dia,10.96
Gandhinagar,dia,10.93
Gandhinagar,dia,10.88
Gandhinagar,dia,10.83
Gandhinagar,dia,10.79
Gandhinagar,dia,10.76
Gandhinagar,dia,10.72
Gandhinagar,dia,10.68
Gandhinagar,dia,10.7
Gandhinagar,dia,10.73
Gandhinagar,dia,10.75
Gandhinagar,dia,10.76
Gandhinagar,dia,10.78
Gandhinagar,dia,10.78
Gandhinagar,dia,10.78
Gandhinagar,dia,10.77
Gandhinagar,dia,10.75
Gandhinagar,dia,10.73
Gandhinagar,dia,10.69
Gandhinagar,dia,10.65
Gandhinagar,dia,10.6
Gandhinagar,dia,10.55
Gandhinagar,dia,10.49
Gandhinagar,dia,10.41
Gandhinagar,dia,10.37
Gandhinagar,dia,10.34
Gandhinagar,dia,10.3
Gandhinagar,dia,10.27
Gandhinagar,dia,10.2
Gandhinagar,dia,10.13
Gandhinagar,dia,10.05
Gandhinagar,dia,9.95
Gandhinagar,dia,9.86
Gandhinagar,dia,9.76
Gandhinagar,dia,9.66
Gandhinagar,dia,9.55
Gandhinagar,dia,9.44
Gandhinagar,dia,9.33
Gandhinagar,dia,9.23
Gandhinagar,dia,9.13
Gandhinagar,dia,9.04
Gandhinagar,dia,8.96
Gandhinagar,dia,8.89
Gandhinagar,dia,8.82
Gandhinagar,dia,8.76
Gandhinagar,dia,8.7
Gandhinagar,dia,8.65
Gandhinagar,dia,8.6
Gandhinagar,dia,8.55
Gandhinagar,dia,2.22
Gandhinagar,dia,2.34
Gandhinagar,dia,7.72
Gandhinagar,dia,7.53
Gandhinagar,dia,7.34
Gandhinagar,dia,7.18
Gandhinagar,dia,7.04
Gandhinagar,dia,6.87
Gandhinagar,dia,6.65
Gandhinagar,dia,6.36
Gandhinagar,dia,6.08
Gandhinagar,dia,5.89
Gandhinagar,dia,5.74
Gandhinagar,dia,5.58
Gandhinagar,dia,5.37
Gandhinagar,dia,5.16
Gandhinagar,dia,5.12
Gandhinagar,dia,4.95
Gandhinagar,dia,4.88
Gandhinagar,dia,4.88
Gandhinagar,dia,4.81
Gandhinagar,dia,4.73
Gandhinagar,dia,4.54
Gandhinagar,dia,4.47
Gandhinagar,dia,4.17
Gandhinagar,dia,4.05
Gandhinagar,dia,4.01
Gandhinagar,dia,3.93
Gandhinagar,dia,4.0
Gandhinagar,dia,4.01
Gandhinagar,dia,8.56
Gandhinagar,dia,8.49
Gandhinagar,dia,8.42
Gandhinagar,dia,8.35
Gandhinagar,dia,8.27
Gandhinagar,dia,8.25
Gandhinagar,dia,8.27
Gandhinagar,dia,8.27
Gandhinagar,dia,8.27
Gandhinagar,dia,8.27
Gandhinagar,dia,8.3
Gandhinagar,dia,8.3
Gandhinagar,dia,8.31
Gandhinagar,dia,8.34
Gandhinagar,dia,8.43
Gandhinagar,dia,8.6
Gandhinagar,dia,8.65
Gandhinagar,dia,8.7
Gandhinagar,dia,8.76
Gandhinagar,dia,8.8
Gandhinagar,dia,8.89
Gandhinagar,dia,8.93
Gandhinagar,dia,9.09
Gandhinagar,dia,9.19
Gandhinagar,dia,9.29
Gandhinagar,dia,9.25
Gandhinagar,dia,9.2
Gandhinagar,dia,9.42
Gandhinagar,dia,8.83
Gandhinagar,dia,8.64
Gandhinagar,dia,8.31
Gandhinagar,dia,7.97
Gandhinagar,dia,7.66
Gandhinagar,dia,7.39
Gandhinagar,dia,7.14
Gandhinagar,dia,6.98
Gandhinagar,dia,6.79
Gandhinagar,dia,6.53
Gandhinagar,dia,6.2
Gandhinagar,dia,5.8
Gandhinagar,dia,5.44
Gandhinagar,dia,5.19
Gandhinagar,dia,4.98
Gandhinagar,dia,4.78
Gandhinagar,dia,4.77
Gandhinagar,dia,4.72
Gandhinagar,dia,4.75
Gandhinagar,dia,4.57
Gandhinagar,dia,4.4
Gandhinagar,dia,4.21
Gandhinagar,dia,4.18
Gandhinagar,dia,4.14
Gandhinagar,dia,4.09
Gandhinagar,dia,3.9
Gandhinagar,dia,3.75
Gandhinagar,dia,3.57
Gandhinagar,dia,3.38
Gandhinagar,dia,3.24
Gandhinagar,dia,3.12
Gandhinagar,dia,3.03
Gandhinagar,dia,2.95
Gandhinagar,dia,2.94
Gandhinagar,dia,2.47
Gandhinagar,dia,2.55
Gandhinagar,dia,2.74
Gandhinagar,dia,2.96
Gandhinagar,dia,3.11
Gandhinagar,dia,3.3
Gandhinagar,dia,3.52
Gandhinagar,dia,3.71
Gandhinagar,dia,3.92
Gandhinagar,dia,4.15
Gandhinagar,dia,4.37
Gandhinagar,dia,4.58
Gandhinagar,dia,9.14
Gandhinagar,dia,9.37
Gandhinagar,dia,9.54
Gandhinagar,dia,9.62
Gandhinagar,dia,9.45
Gandhinagar,dia,9.38
Gandhinagar,dia,9.38
Gandhinagar,dia,8.67
Gandhinagar,dia,8.72
Gandhinagar,dia,8.77
Gandhinagar,dia,8.81
Gandhinagar,dia,8.85
Gandhinagar,dia,8.88
Gandhinagar,dia,8.91
Gandhinagar,dia,8.93
Gandhinagar,dia,8.95
Gandhinagar,dia,8.96
Gandhinagar,dia,8.96
Gandhinagar,dia,8.97
Gandhinagar,dia,8.96
Gandhinagar,dia,8.54
Gandhinagar,dia,8.43
Gandhinagar,dia,8.35
Gandhinagar,dia,8.34
Gandhinagar,dia,8.32
Gandhinagar,dia,8.3
Gandhinagar,dia,8.29
Gandhinagar,dia,8.39
Gandhinagar,dia,8.49
Gandhinagar,dia,4.87
Gandhinagar,dia,4.92
Gandhinagar,dia,5.08
Gandhinagar,dia,5.13
Gandhinagar,dia,5.15
Gandhinagar,dia,5.13
Gandhinagar,dia,5.04
Gandhinagar,dia,5.03
Gandhinagar,dia,4.94
Gandhinagar,dia,4.78
Gandhinagar,dia,4.71
Gandhinagar,dia,4.56
Gandhinagar,dia,4.41
Gandhinagar,dia,4.35
Gandhinagar,dia,4.01
Gandhinagar,dia,3.89
Gandhinagar,dia,3.76
Gandhinagar,dia,3.77
Gandhinagar,dia,3.77
Gandhinagar,dia,3.77
Gandhinagar,dia,3.84
Gandhinagar,dia,3.93
Gandhinagar,dia,4.18
Gandhinagar,dia,4.36
Gandhinagar,dia,4.6
Gandhinagar,dia,4.79
Gandhinagar,dia,4.79
Gandhinagar,dia,4.91
Gandhinagar,dia,5.07
Gandhinagar,dia,5.17
Gandhinagar,dia,5.34
Gandhinagar,dia,5.54
Gandhinagar,dia,5.71
Gandhinagar,dia,5.95
Gandhinagar,dia,6.5
Gandhinagar,dia,7.17
Gandhinagar,dia,7.36
Gandhinagar,dia,7.53
Gandhinagar,dia,7.79
Gandhinagar,dia,8.02
Gandhinagar,dia,8.23
Gandhinagar,dia,8.41
Gandhinagar,dia,8.55
Gandhinagar,dia,8.67
Gandhinagar,dia,8.77
Gandhinagar,dia,8.86
Gandhinagar,dia,8.92
Gandhinagar,dia,2.38
Gandhinagar,dia,2.39
Gandhinagar,dia,2.45
Gandhinagar,dia,2.61
Gandhinagar,dia,2.82
Gandhinagar,dia,3.06
Gandhinagar,dia,3.29
Gandhinagar,dia,3.47
Gandhinagar,dia,4.01
Gandhinagar,dia,3.99
Gandhinagar,dia,3.79
Gandhinagar,dia,3.66
Gandhinagar,dia,4.33
Gandhinagar,dia,4.33
Gandhinagar,dia,4.34
Gandhinagar,dia,4.34
Gandhinagar,dia,4.35
Gandhinagar,dia,4.35
Gandhinagar,dia,4.35
Gandhinagar,dia,4.34
Gandhinagar,dia,4.34
Gandhinagar,dia,4.32
Gandhinagar,dia,4.31
Gandhinagar,dia,4.29
Gandhinagar,dia,4.27
Gandhinagar,dia,4.25
Gandhinagar,dia,4.22
Gandhinagar,dia,4.18
Gandhinagar,dia,4.14
Gandhinagar,dia,4.1
Gandhinagar,dia,4.06
Gandhinagar,dia,4.03
Gandhinagar,dia,3.98
Gandhinagar,dia,3.95
Gandhinagar,dia,3.91
Gandhinagar,dia,3.95
Gandhinagar,dia,4.0
Gandhinagar,dia,4.04
Gandhinagar,dia,4.07
Gandhinagar,dia,4.12
Gandhinagar,dia,4.14
Gandhinagar,dia,4.18
Gandhinagar,dia,4.21
Gandhinagar,dia,4.25
Gandhinagar,dia,4.28
Gandhinagar,dia,4.29
Gandhinagar,dia,4.3
Gandhinagar,dia,4.31
Gandhinagar,dia,4.31
Gandhinagar,dia,4.31
Gandhinagar,dia,4.31
Gandhinagar,dia,4.31
Gandhinagar,dia,4.31
Gandhinagar,dia,4.32
Gandhinagar,dia,4.32
Gandhinagar,dia,4.32
Gandhinagar,dia,4.31
Gandhinagar,dia,4.31
Gandhinagar,dia,4.31
Gandhinagar,dia,4.31
Gandhinagar,dia,6.39
Gandhinagar,dia,6.39
Gandhinagar,dia,6.38
Gandhinagar,dia,6.37
Gandhinagar,dia,6.34
Gandhinagar,dia,6.36
Gandhinagar,dia,6.34
Gandhinagar,dia,6.32
Gandhinagar,dia,6.33
Gandhinagar,dia,6.32
Gandhinagar,dia,6.29
Gandhinagar,dia,6.3
Gandhinagar,dia,6.27
Gandhinagar,dia,6.29
Gandhinagar,dia,6.31
Gandhinagar,dia,6.29
Gandhinagar,dia,6.29
Gandhinagar,dia,6.32
Gandhinagar,dia,6.28
Gandhinagar,dia,6.22
Gandhinagar,dia,6.17
Gandhinagar,dia,6.11
Gandhinagar,dia,6.04
Gandhinagar,dia,5.96
Gandhinagar,dia,5.87
Gandhinagar,dia,5.76
Gandhinagar,dia,5.64
Gandhinagar,dia,5.49
Gandhinagar,dia,5.34
Gandhinagar,dia,5.17
Gandhinagar,dia,4.98
Gandhinagar,dia,4.89
Gandhinagar,dia,4.93
Gandhinagar,dia,4.82
Gandhinagar,dia,4.84
Gandhinagar,dia,4.87
Gandhinagar,dia,4.95
Gandhinagar,dia,5.0
Gandhinagar,dia,5.03
Gandhinagar,dia,5.08
Gandhinagar,dia,5.11
Gandhinagar,dia,5.1
Gandhinagar,dia,5.08
Gandhinagar,dia,5.19
Gandhinagar,dia,5.19
Gandhinagar,dia,5.22
Gandhinagar,dia,5.19
Gandhinagar,dia,5.23
Gandhinagar,dia,5.31
Gandhinagar,dia,5.2
Gandhinagar,dia,5.02
Gandhinagar,dia,4.88
Gandhinagar,dia,4.75
Gandhinagar,dia,4.6
Gandhinagar,dia,4.55
Gandhinagar,dia,4.51
Gandhinagar,dia,4.42
Gandhinagar,dia,4.46
Gandhinagar,dia,4.37
Gandhinagar,dia,4.47
Gandhinagar,dia,4.44
Gandhinagar,dia,4.58
Gandhinagar,dia,4.61
Gandhinagar,dia,4.7
Gandhinagar,dia,4.31
Gandhinagar,dia,4.92
Gandhinagar,dia,4.31
Gandhinagar,dia,4.3
Gandhinagar,dia,5.43
Gandhinagar,dia,5.7
Gandhinagar,dia,4.3
Gandhinagar,dia,5.86
Gandhinagar,dia,4.29
Gandhinagar,dia,6.12
Gandhinagar,dia,6.37
Gandhinagar,dia,4.29
Gandhinagar,dia,6.6
Gandhinagar,dia,4.29
Gandhinagar,dia,6.83
Gandhinagar,dia,4.29
Gandhinagar,dia,7.08
Gandhinagar,dia,4.29
Gandhinagar,dia,4.29
Gandhinagar,dia,7.33
Gandhinagar,dia,4.29
Gandhinagar,dia,4.29
Gandhinagar,dia,7.6
Gandhinagar,dia,4.29
Gandhinagar,dia,7.81
Gandhinagar,dia,4.28
Gandhinagar,dia,4.28
Gandhinagar,dia,8.01
Gandhinagar,dia,4.28
Gandhinagar,dia,8.22
Gandhinagar,dia,4.28
Gandhinagar,dia,8.42
Gandhinagar,dia,8.62
Gandhinagar,dia,8.77
Gandhinagar,dia,4.28
Gandhinagar,dia,9.01
Gandhinagar,dia,9.11
Gandhinagar,dia,4.29
Gandhinagar,dia,9.17
Gandhinagar,dia,9.19
Gandhinagar,dia,9.22
Gandhinagar,dia,4.3
Gandhinagar,dia,9.22
Gandhinagar,dia,9.22
Gandhinagar,dia,4.31
Gandhinagar,dia,9.23
Gandhinagar,dia,9.22
Gandhinagar,dia,4.32
Gandhinagar,dia,9.21
Gandhinagar,dia,9.21
Gandhinagar,dia,4.33
Gandhinagar,dia,9.23
Gandhinagar,dia,9.23
Gandhinagar,dia,4.34
Gandhinagar,dia,9.22
Gandhinagar,dia,9.2
Gandhinagar,dia,9.16
Gandhinagar,dia,9.16
Gandhinagar,dia,9.15
Gandhinagar,dia,9.14
Gandhinagar,dia,9.12
Gandhinagar,dia,9.1
Gandhinagar,dia,9.08
Gandhinagar,dia,9.06
Gandhinagar,dia,9.03
Gandhinagar,dia,9.0
Gandhinagar,dia,8.96
Gandhinagar,dia,8.93
Gandhinagar,dia,8.89
Gandhinagar,dia,8.85
Gandhinagar,dia,8.81
Gandhinagar,dia,8.77
Gandhinagar,dia,8.74
Gandhinagar,dia,8.7
Gandhinagar,dia,8.67
Gandhinagar,dia,8.64
Gandhinagar,dia,8.6
Gandhinagar,dia,8.57
Gandhinagar,dia,8.53
Gandhinagar,dia,8.5
Gandhinagar,dia,8.48
Gandhinagar,dia,4.29
Gandhinagar,dia,8.45
Gandhinagar,dia,4.3
Gandhinagar,dia,4.3
Gandhinagar,dia,8.42
Gandhinagar,dia,4.3
Gandhinagar,dia,8.4
Gandhinagar,dia,4.31
Gandhinagar,dia,8.37
Gandhinagar,dia,4.31
Gandhinagar,dia,8.36
Gandhinagar,dia,4.31
Gandhinagar,dia,8.34
Gandhinagar,dia,4.31
Gandhinagar,dia,8.33
Gandhinagar,dia,4.31
Gandhinagar,dia,8.32
Gandhinagar,dia,4.31
Gandhinagar,dia,8.31
Gandhinagar,dia,4.31
Gandhinagar,dia,8.3
Gandhinagar,dia,4.31
Gandhinagar,dia,8.3
Gandhinagar,dia,4.3
Gandhinagar,dia,8.31
Gandhinagar,dia,4.3
Gandhinagar,dia,8.31
Gandhinagar,dia,8.33
Gandhinagar,dia,4.29
Gandhinagar,dia,8.34
Gandhinagar,dia,4.29
Gandhinagar,dia,8.36
Gandhinagar,dia,8.39
Gandhinagar,dia,4.28
Gandhinagar,dia,8.42
Gandhinagar,dia,8.46
Gandhinagar,dia,8.51
Gandhinagar,dia,4.27
Gandhinagar,dia,8.54
Gandhinagar,dia,8.6
Gandhinagar,dia,8.65
Gandhinagar,dia,8.71
Gandhinagar,dia,8.76
Gandhinagar,dia,8.8
Gandhinagar,dia,8.8
Gandhinagar,dia,8.81
Gandhinagar,dia,8.81
Gandhinagar,dia,8.79
Gandhinagar,dia,8.78
Gandhinagar,dia,8.76
Gandhinagar,dia,8.73
Gandhinagar,dia,8.71
Gandhinagar,dia,8.68
Gandhinagar,dia,8.66
Gandhinagar,dia,8.63
Gandhinagar,dia,8.6
Gandhinagar,dia,8.58
Gandhinagar,dia,8.55
Gandhinagar,dia,8.53
Gandhinagar,dia,8.51
Gandhinagar,dia,4.25
Gandhinagar,dia,8.49
Gandhinagar,dia,8.47
Gandhinagar,dia,4.24
Gandhinagar,dia,8.45
Gandhinagar,dia,8.43
Gandhinagar,dia,4.22
Gandhinagar,dia,8.42
Gandhinagar,dia,8.39
Gandhinagar,dia,4.19
Gandhinagar,dia,8.36
Gandhinagar,dia,8.31
Gandhinagar,dia,4.17
Gandhinagar,dia,8.35
Gandhinagar,dia,4.14
Gandhinagar,dia,8.41
Gandhinagar,dia,4.12
Gandhinagar,dia,8.45
Gandhinagar,dia,4.07
Gandhinagar,dia,8.51
Gandhinagar,dia,4.02
Gandhinagar,dia,8.58
Gandhinagar,dia,3.99
Gandhinagar,dia,8.64
Gandhinagar,dia,8.74
Gandhinagar,dia,3.97
Gandhinagar,dia,8.79
Gandhinagar,dia,3.93
Gandhinagar,dia,8.86
Gandhinagar,dia,3.91
Gandhinagar,dia,8.95
Gandhinagar,dia,3.88
Gandhinagar,dia,8.99
Gandhinagar,dia,3.85
Gandhinagar,dia,9.03
Gandhinagar,dia,3.82
Gandhinagar,dia,9.07
Gandhinagar,dia,3.79
Gandhinagar,dia,9.11
Gandhinagar,dia,3.75
Gandhinagar,dia,9.13
Gandhinagar,dia,3.72
Gandhinagar,dia,9.14
Gandhinagar,dia,9.14
Gandhinagar,dia,3.68
Gandhinagar,dia,9.14
Gandhinagar,dia,3.63
Gandhinagar,dia,9.14
Gandhinagar,dia,9.13
Gandhinagar,dia,3.6
Gandhinagar,dia,9.1
Gandhinagar,dia,3.55
Gandhinagar,dia,9.08
Gandhinagar,dia,3.52
Gandhinagar,dia,9.04
Gandhinagar,dia,3.48
Gandhinagar,dia,3.46
Gandhinagar,dia,9.01
Gandhinagar,dia,3.43
Gandhinagar,dia,3.41
Gandhinagar,dia,3.38
Gandhinagar,dia,3.33
Gandhinagar,dia,3.29
Gandhinagar,dia,3.26
Gandhinagar,dia,3.24
Gandhinagar,dia,3.19
Gandhinagar,dia,3.15
Gandhinagar,dia,3.11
Gandhinagar,dia,3.08
Gandhinagar,dia,3.04
Gandhinagar,dia,3.01
Gandhinagar,dia,2.98
Gandhinagar,dia,2.94
Gandhinagar,dia,2.91
Gandhinagar,dia,2.88
Gandhinagar,dia,2.86
Gandhinagar,dia,2.84
Gandhinagar,dia,2.82
Gandhinagar,dia,2.81
Gandhinagar,dia,2.8
Gandhinagar,dia,2.8
Gandhinagar,dia,2.81
Gandhinagar,dia,2.81
Gandhinagar,dia,2.81
Gandhinagar,dia,2.81
Gandhinagar,dia,2.79
Gandhinagar,dia,2.66
Gandhinagar,dia,2.62
Gandhinagar,dia,2.58
Gandhinagar,dia,2.54
Gandhinagar,dia,2.49
Gandhinagar,dia,2.44
Gandhinagar,dia,2.38
Gandhinagar,dia,2.31
Gandhinagar,dia,2.25
Gandhinagar,dia,2.17
Gandhinagar,dia,9.11
Gandhinagar,dia,2.09
Gandhinagar,dia,2.0
Gandhinagar,dia,1.91
Gandhinagar,dia,1.59
Gandhinagar,dia,1.54
Gandhinagar,dia,1.1
Gandhinagar,dia,0.96
Gandhinagar,dia,0.94
Gandhinagar,dia,0.95
Gandhinagar,dia,0.95
Gandhinagar,dia,0.91
Gandhinagar,dia,0.9
Gandhinagar,dia,0.87
Gandhinagar,dia,0.81
Gandhinagar,dia,0.78
Gandhinagar,dia,0.79
Gandhinagar,dia,0.82
Gandhinagar,dia,0.87
Gandhinagar,dia,0.94
Gandhinagar,dia,1.11
Gandhinagar,dia,1.07
Gandhinagar,dia,1.14
Gandhinagar,dia,1.15
Gandhinagar,dia,1.21
Gandhinagar,dia,1.27
Gandhinagar,dia,1.18
Gandhinagar,dia,1.19
Gandhinagar,dia,1.14
Gandhinagar,dia,1.04
Gandhinagar,dia,0.99
Gandhinagar,dia,0.95
Gandhinagar,dia,3.76
Gandhinagar,dia,4.37
Gandhinagar,dia,4.42
Gandhinagar,dia,4.48
Gandhinagar,dia,4.52
Gandhinagar,dia,4.57
Gandhinagar,dia,4.6
Gandhinagar,dia,4.7
Gandhinagar,dia,4.77
Gandhinagar,dia,5.05
Gandhinagar,dia,8.58
Gandhinagar,dia,7.54
Gandhinagar,dia,7.15
Gandhinagar,dia,6.07
Gandhinagar,dia,7.0
Gandhinagar,dia,6.9
Gandhinagar,dia,6.82
Gandhinagar,dia,6.69
Gandhinagar,dia,6.54
Gandhinagar,dia,6.41
Gandhinagar,dia,6.27
Gandhinagar,dia,6.15
Gandhinagar,dia,6.12
Gandhinagar,dia,6.07
Gandhinagar,dia,6.02
Gandhinagar,dia,5.97
Gandhinagar,dia,5.92
Gandhinagar,dia,5.9
Gandhinagar,dia,5.88
Gandhinagar,dia,5.85
Gandhinagar,dia,5.82
Gandhinagar,dia,5.78
Gandhinagar,dia,5.74
Gandhinagar,dia,5.76
Gandhinagar,dia,5.75
Gandhinagar,dia,5.74
Gandhinagar,dia,5.72
Gandhinagar,dia,5.71
Gandhinagar,dia,5.71
Gandhinagar,dia,5.7
Gandhinagar,dia,5.7
Gandhinagar,dia,5.7
Gandhinagar,dia,5.7
Gandhinagar,dia,5.71
Gandhinagar,dia,5.73
Gandhinagar,dia,5.75
Gandhinagar,dia,5.76
Gandhinagar,dia,5.77
Gandhinagar,dia,5.78
Gandhinagar,dia,5.8
Gandhinagar,dia,5.81
Gandhinagar,dia,5.82
Gandhinagar,dia,5.83
Gandhinagar,dia,5.84
Gandhinagar,dia,5.84
Gandhinagar,dia,5.84
Gandhinagar,dia,5.85
Gandhinagar,dia,5.86
Gandhinagar,dia,5.88
Gandhinagar,dia,5.91
Gandhinagar,dia,5.93
Gandhinagar,dia,5.96
Gandhinagar,dia,6.01
Gandhinagar,dia,5.94
Gandhinagar,dia,5.81
Gandhinagar,dia,5.69
Gandhinagar,dia,5.6
Gandhinagar,dia,5.49
Gandhinagar,dia,5.39
Gandhinagar,dia,5.29
Gandhinagar,dia,5.18
Gandhinagar,dia,5.08
Gandhinagar,dia,5.0
Gandhinagar,dia,4.9
Gandhinagar,dia,4.81
Gandhinagar,dia,4.7
Gandhinagar,dia,4.57
Gandhinagar,dia,4.44
Gandhinagar,dia,4.34
Gandhinagar,dia,4.26
Gandhinagar,dia,4.17
Gandhinagar,dia,4.06
Gandhinagar,dia,3.96
Gandhinagar,dia,3.86
Gandhinagar,dia,3.73
Gandhinagar,dia,3.62
Gandhinagar,dia,3.54
Gandhinagar,dia,3.43
Gandhinagar,dia,3.35
Gandhinagar,dia,3.15
Gandhinagar,dia,3.03
Gandhinagar,dia,2.9
Gandhinagar,dia,2.78
Gandhinagar,dia,2.71
Gandhinagar,dia,2.63
Gandhinagar,dia,2.57
Gandhinagar,dia,2.49
Gandhinagar,dia,2.45
Gandhinagar,dia,2.38
Gandhinagar,dia,2.32
Gandhinagar,dia,2.27
Gandhinagar,dia,2.2
Gandhinagar,dia,2.11
Gandhinagar,dia,2.1
Gandhinagar,dia,2.11
Gandhinagar,dia,2.1
Gandhinagar,dia,2.09
Gandhinagar,dia,2.07
Gandhinagar,dia,2.05
Gandhinagar,dia,2.04
Gandhinagar,dia,2.02
Gandhinagar,dia,1.99
Gandhinagar,dia,1.95
Gandhinagar,dia,2.94
Gandhinagar,dia,2.34
Gandhinagar,dia,2.42
Gandhinagar,dia,2.51
Gandhinagar,dia,2.57
Gandhinagar,dia,2.62
Gandhinagar,dia,2.64
Gandhinagar,dia,2.64
Gandhinagar,dia,2.63
Gandhinagar,dia,2.63
Gandhinagar,dia,2.6
Gandhinagar,dia,2.52
Gandhinagar,dia,2.53
Gandhinagar,dia,2.59
Gandhinagar,dia,2.9
Gandhinagar,dia,3.13
Gandhinagar,dia,3.51
Gandhinagar,dia,3.6
Gandhinagar,dia,3.49
Gandhinagar,dia,3.72
Gandhinagar,dia,3.85
Gandhinagar,dia,3.93
Gandhinagar,dia,3.62
Gandhinagar,dia,3.82
Gandhinagar,dia,4.12
Gandhinagar,dia,4.4
Gandhinagar,dia,4.69
Gandhinagar,dia,4.89
Gandhinagar,dia,5.21
Gandhinagar,dia,5.55
Gandhinagar,dia,6.38
Gandhinagar,dia,6.68
Gandhinagar,dia,7.98
Gandhinagar,dia,9.57
Gandhinagar,dia,9.7
Gandhinagar,dia,9.6
Gandhinagar,dia,9.68
Gandhinagar,dia,9.43
Gandhinagar,dia,9.45
Gandhinagar,dia,9.47
Gandhinagar,dia,9.31
Gandhinagar,dia,9.33
Gandhinagar,dia,9.51
Gandhinagar,dia,9.45
Gandhinagar,dia,9.63
Gandhinagar,dia,9.59
Gandhinagar,dia,9.59
Gandhinagar,dia,9.44
Gandhinagar,dia,9.43
Gandhinagar,dia,8.92
Gandhinagar,dia,8.69
Gandhinagar,dia,8.6
Gandhinagar,dia,8.45
Gandhinagar,dia,8.32
Gandhinagar,dia,8.2
Gandhinagar,dia,8.09
Gandhinagar,dia,7.99
Gandhinagar,dia,7.89
Gandhinagar,dia,7.76
Gandhinagar,dia,7.66
Gandhinagar,dia,7.6
Gandhinagar,dia,7.48
Gandhinagar,dia,7.43
Gandhinagar,dia,7.36
Gandhinagar,dia,7.3
Gandhinagar,dia,7.23
Gandhinagar,dia,7.22
Gandhinagar,dia,7.21
Gandhinagar,dia,7.17
Gandhinagar,dia,7.16
Gandhinagar,dia,7.2
Gandhinagar,dia,7.22
Gandhinagar,dia,7.27
Gandhinagar,dia,7.32
Gandhinagar,dia,7.42
Gandhinagar,dia,7.49
Gandhinagar,dia,7.53
Gandhinagar,dia,7.6
Gandhinagar,dia,7.71
Gandhinagar,dia,7.78
Gandhinagar,dia,7.83
Gandhinagar,dia,7.94
Gandhinagar,dia,8.0
Gandhinagar,dia,8.09
Gandhinagar,dia,8.14
Gandhinagar,dia,8.19
Gandhinagar,dia,8.26
Gandhinagar,dia,8.31
Gandhinagar,dia,8.37
Gandhinagar,dia,8.4
Gandhinagar,dia,8.43
Gandhinagar,dia,8.46
Gandhinagar,dia,8.49
Gandhinagar,dia,8.51
Gandhinagar,dia,8.53
Gandhinagar,dia,8.55
Gandhinagar,dia,8.56
Gandhinagar,dia,8.59
Gandhinagar,dia,8.59
Gandhinagar,dia,8.61
Gandhinagar,dia,8.61
Gandhinagar,dia,8.59
Gandhinagar,dia,8.57
Gandhinagar,dia,8.54
Gandhinagar,dia,8.51
Gandhinagar,dia,8.48
Gandhinagar,dia,8.44
Gandhinagar,dia,8.4
Gandhinagar,dia,8.37
Gandhinagar,dia,8.35
Gandhinagar,dia,8.32
Gandhinagar,dia,8.3
Gandhinagar,dia,8.29
Gandhinagar,dia,8.27
Gandhinagar,dia,8.27
Gandhinagar,dia,8.27
Gandhinagar,dia,8.27
Gandhinagar,dia,8.28
Gandhinagar,dia,8.29
Gandhinagar,dia,8.3
Gandhinagar,dia,8.31
Gandhinagar,dia,8.33
Gandhinagar,dia,8.35
Gandhinagar,dia,8.5
Gandhinagar,dia,12.25
Gandhinagar,dia,12.27
Gandhinagar,dia,12.3
Gandhinagar,dia,12.31
Gandhinagar,dia,12.3
Gandhinagar,dia,12.27
Gandhinagar,dia,12.27
Gandhinagar,dia,12.26
Gandhinagar,dia,12.08
Gandhinagar,dia,12.07
Gandhinagar,dia,12.05
Gandhinagar,dia,12.05
Gandhinagar,dia,12.08
Gandhinagar,dia,12.11
Gandhinagar,dia,12.17
Gandhinagar,dia,12.24
Gandhinagar,dia,12.29
Gandhinagar,dia,12.29
Gandhinagar,dia,12.24
Gandhinagar,dia,12.14
Gandhinagar,dia,12.0
Gandhinagar,dia,11.91
Gandhinagar,dia,11.82
Gandhinagar,dia,11.73
Gandhinagar,dia,11.64
Gandhinagar,dia,11.54
Gandhinagar,dia,11.43
Gandhinagar,dia,11.33
Gandhinagar,dia,11.24
Gandhinagar,dia,11.15
Gandhinagar,dia,11.03
Gandhinagar,dia,10.94
Gandhinagar,dia,10.82
Gandhinagar,dia,10.75
Gandhinagar,dia,10.69
Gandhinagar,dia,10.61
Gandhinagar,dia,10.54
Gandhinagar,dia,10.46
Gandhinagar,dia,10.39
Gandhinagar,dia,10.33
Gandhinagar,dia,10.25
Gandhinagar,dia,10.19
Gandhinagar,dia,10.12
Gandhinagar,dia,10.06
Gandhinagar,dia,9.99
Gandhinagar,dia,9.94
Gandhinagar,dia,9.88
Gandhinagar,dia,9.83
Gandhinagar,dia,9.78
Gandhinagar,dia,9.72
Gandhinagar,dia,9.67
Gandhinagar,dia,9.63
Gandhinagar,dia,9.59
Gandhinagar,dia,9.55
Gandhinagar,dia,9.5
Gandhinagar,dia,9.45
Gandhinagar,dia,9.41
Gandhinagar,dia,9.37
Gandhinagar,dia,9.33
Gandhinagar,dia,9.3
Gandhinagar,dia,9.27
Gandhinagar,dia,9.37
Gandhinagar,dia,9.44
Gandhinagar,dia,4.49
Gandhinagar,dia,4.5
Gandhinagar,dia,4.51
Gandhinagar,dia,4.52
Gandhinagar,dia,4.52
Gandhinagar,dia,4.53
Gandhinagar,dia,4.53
Gandhinagar,dia,4.53
Gandhinagar,dia,4.53
Gandhinagar,dia,4.53
Gandhinagar,dia,4.53
Gandhinagar,dia,4.52
Gandhinagar,dia,4.52
Gandhinagar,dia,4.51
Gandhinagar,dia,4.51
Gandhinagar,dia,4.5
Gandhinagar,dia,4.49
Gandhinagar,dia,4.48
Gandhinagar,dia,4.47
Gandhinagar,dia,4.46
Gandhinagar,dia,4.45
Gandhinagar,dia,4.43
Gandhinagar,dia,4.41
Gandhinagar,dia,4.39
Gandhinagar,dia,4.39
Gandhinagar,dia,4.34
Gandhinagar,dia,4.32
Gandhinagar,dia,4.29
Gandhinagar,dia,4.26
Gandhinagar,dia,4.23
Gandhinagar,dia,4.19
Gandhinagar,dia,4.15
Gandhinagar,dia,4.11
Gandhinagar,dia,4.07
Gandhinagar,dia,4.02
Gandhinagar,dia,3.98
Gandhinagar,dia,3.93
Gandhinagar,dia,3.89
Gandhinagar,dia,3.85
Gandhinagar,dia,3.8
Gandhinagar,dia,3.74
Gandhinagar,dia,3.68
Gandhinagar,dia,3.64
Gandhinagar,dia,3.62
Gandhinagar,dia,3.61
Gandhinagar,dia,3.6
Gandhinagar,dia,3.57
Gandhinagar,dia,3.55
Gandhinagar,dia,3.5
Gandhinagar,dia,3.48
Gandhinagar,dia,3.44
Gandhinagar,dia,3.4
Gandhinagar,dia,3.35
Gandhinagar,dia,3.3
Gandhinagar,dia,3.25
Gandhinagar,dia,3.2
Gandhinagar,dia,3.14
Gandhinagar,dia,3.1
Gandhinagar,dia,3.04
Gandhinagar,dia,2.99
Gandhinagar,dia,2.95
Gandhinagar,dia,2.91
Gandhinagar,dia,2.88
Gandhinagar,dia,2.76
Gandhinagar,dia,2.69
Gandhinagar,dia,2.62
Gandhinagar,dia,2.53
Gandhinagar,dia,2.43
Gandhinagar,dia,2.32
Gandhinagar,dia,2.22
Gandhinagar,dia,2.12
Gandhinagar,dia,2.02
Gandhinagar,dia,1.91
Gandhinagar,dia,1.12
Gandhinagar,dia,1.04
Gandhinagar,dia,0.98
Gandhinagar,dia,0.94
Gandhinagar,dia,0.93
Gandhinagar,dia,0.85
Gandhinagar,dia,0.82
Gandhinagar,dia,0.81
Gandhinagar,dia,0.79
Gandhinagar,dia,0.76
Gandhinagar,dia,1.0
Gandhinagar,dia,1.18
Gandhinagar,dia,1.37
Gandhinagar,dia,1.43
Gandhinagar,dia,1.76
Gandhinagar,dia,1.94
Gandhinagar,dia,2.14
Gandhinagar,dia,2.3
Gandhinagar,dia,2.45
Gandhinagar,dia,2.61
Gandhinagar,dia,2.66
Gandhinagar,dia,2.72
Gandhinagar,dia,2.89
Gandhinagar,dia,2.97
Gandhinagar,dia,3.09
Gandhinagar,dia,3.13
Gandhinagar,dia,3.21
Gandhinagar,dia,3.25
Gandhinagar,dia,3.38
Gandhinagar,dia,3.52
Gandhinagar,dia,3.62
Gandhinagar,dia,3.71
Gandhinagar,dia,3.81
Gandhinagar,dia,3.99
Gandhinagar,dia,4.07
Gandhinagar,dia,4.2
Gandhinagar,dia,4.38
Gandhinagar,dia,4.58
Gandhinagar,dia,4.81
Gandhinagar,dia,5.0
Gandhinagar,dia,5.19
Gandhinagar,dia,5.38
Gandhinagar,dia,5.61
Gandhinagar,dia,5.81
Gandhinagar,dia,6.0
Gandhinagar,dia,6.19
Gandhinagar,dia,6.38
Gandhinagar,dia,6.56
Gandhinagar,dia,6.76
Gandhinagar,dia,6.86
Gandhinagar,dia,7.01
Gandhinagar,dia,7.05
Gandhinagar,dia,7.12
Gandhinagar,dia,7.19
Gandhinagar,dia,7.18
Gandhinagar,dia,7.12
Gandhinagar,dia,7.09
Gandhinagar,dia,7.02
Gandhinagar,dia,6.95
Gandhinagar,dia,6.83
Gandhinagar,dia,6.78
Gandhinagar,dia,6.66
Gandhinagar,dia,6.64
Gandhinagar,dia,6.57
Gandhinagar,dia,6.54
Gandhinagar,dia,6.52
Gandhinagar,dia,6.48
Gandhinagar,dia,6.44
Gandhinagar,dia,6.39
Gandhinagar,dia,6.32
Gandhinagar,dia,6.29
Gandhinagar,dia,6.23
Gandhinagar,dia,3.87
Gandhinagar,dia,3.88
Gandhinagar,dia,3.89
Gandhinagar,dia,3.91
Gandhinagar,dia,3.92
Gandhinagar,dia,3.94
Gandhinagar,dia,3.95
Gandhinagar,dia,3.97
Gandhinagar,dia,3.98
Gandhinagar,dia,4.0
Gandhinagar,dia,4.01
Gandhinagar,dia,4.03
Gandhinagar,dia,4.05
Gandhinagar,dia,4.06
Gandhinagar,dia,4.08
Gandhinagar,dia,4.09
Gandhinagar,dia,4.11
Gandhinagar,dia,4.12
Gandhinagar,dia,4.13
Gandhinagar,dia,4.14
Gandhinagar,dia,4.15
Gandhinagar,dia,4.15
Gandhinagar,dia,4.15
Gandhinagar,dia,4.15
Gandhinagar,dia,4.15
Gandhinagar,dia,4.15
Gandhinagar,dia,4.14
Gandhinagar,dia,4.14
Gandhinagar,dia,4.14
Gandhinagar,dia,4.14
Gandhinagar,dia,4.14
Gandhinagar,dia,4.13
Gandhinagar,dia,4.13
Gandhinagar,dia,4.13
Gandhinagar,dia,4.13
Gandhinagar,dia,4.13
Gandhinagar,dia,4.13
Gandhinagar,dia,4.13
Gandhinagar,dia,4.12
Gandhinagar,dia,4.12
Gandhinagar,dia,4.12
Gandhinagar,dia,4.12
Gandhinagar,dia,4.12
Gandhinagar,dia,4.13
Gandhinagar,dia,4.14
Gandhinagar,dia,4.15
Gandhinagar,dia,4.16
Gandhinagar,dia,4.16
Gandhinagar,dia,4.16
Gandhinagar,dia,4.16
Gandhinagar,dia,4.16
Gandhinagar,dia,4.15
Gandhinagar,dia,4.15
Gandhinagar,dia,4.14
Gandhinagar,dia,4.14
Gandhinagar,dia,4.13
Gandhinagar,dia,4.11
Gandhinagar,dia,4.11
Gandhinagar,dia,4.1
Gandhinagar,dia,4.1
Gandhinagar,dia,4.11
Gandhinagar,dia,4.09
Gandhinagar,dia,4.1
Gandhinagar,dia,4.09
Gandhinagar,dia,4.1
Gandhinagar,dia,4.12
Gandhinagar,dia,4.15
Gandhinagar,dia,4.16
Gandhinagar,dia,4.18
Gandhinagar,dia,4.19
Gandhinagar,dia,4.18
Gandhinagar,dia,4.19
Gandhinagar,dia,4.19
Gandhinagar,dia,4.2
Gandhinagar,dia,4.21
Gandhinagar,dia,4.21
Gandhinagar,dia,4.23
Gandhinagar,dia,4.22
Gandhinagar,dia,4.24
Gandhinagar,dia,4.25
Gandhinagar,dia,4.26
Gandhinagar,dia,4.27
Gandhinagar,dia,4.28
Gandhinagar,dia,3.99
Gandhinagar,dia,4.0
Gandhinagar,dia,3.99
Gandhinagar,dia,4.0
Gandhinagar,dia,4.0
Gandhinagar,dia,4.0
Gandhinagar,dia,3.99
Gandhinagar,dia,3.99
Gandhinagar,dia,3.98
Gandhinagar,dia,3.97
Gandhinagar,dia,3.95
Gandhinagar,dia,3.94
Gandhinagar,dia,3.91
Gandhinagar,dia,3.88
Gandhinagar,dia,3.85
Gandhinagar,dia,3.82
Gandhinagar,dia,3.78
Gandhinagar,dia,3.74
Gandhinagar,dia,6.21
Gandhinagar,dia,6.41
Gandhinagar,dia,6.64
Gandhinagar,dia,6.94
Gandhinagar,dia,7.24
Gandhinagar,dia,7.64
Gandhinagar,dia,7.98
Gandhinagar,dia,8.48
Gandhinagar,dia,8.87
Gandhinagar,dia,9.18
Gandhinagar,dia,9.41
Gandhinagar,dia,2.5
Gandhinagar,dia,6.05
Gandhinagar,dia,12.21
Gandhinagar,dia,12.18
Gandhinagar,dia,12.12
Gandhinagar,dia,12.09
Gandhinagar,dia,12.11
Gandhinagar,dia,10.14
Gandhinagar,dia,10.05
Gandhinagar,dia,9.88
Gandhinagar,dia,9.69
Gandhinagar,dia,9.42
Gandhinagar,dia,9.05
Gandhinagar,dia,8.79
Gandhinagar,dia,8.07
Gandhinagar,dia,7.61
Gandhinagar,dia,7.18
Gandhinagar,dia,6.59
Gandhinagar,dia,6.15
Gandhinagar,dia,5.78
Gandhinagar,dia,5.65
Gandhinagar,dia,5.78
Gandhinagar,dia,6.1
Gandhinagar,dia,6.09
Gandhinagar,dia,6.07
Gandhinagar,dia,6.3
Gandhinagar,dia,6.34
Gandhinagar,dia,6.6
Gandhinagar,dia,6.65
Gandhinagar,dia,6.81
Gandhinagar,dia,6.9
Gandhinagar,dia,7.05
Gandhinagar,dia,7.12
Gandhinagar,dia,6.95
Gandhinagar,dia,7.12
Gandhinagar,dia,7.49
Gandhinagar,dia,7.64
Gandhinagar,dia,7.81
Gandhinagar,dia,8.05
Gandhinagar,dia,8.17
Gandhinagar,dia,8.32
Gandhinagar,dia,8.43
Gandhinagar,dia,8.52
Gandhinagar,dia,8.57
Gandhinagar,dia,8.62
Gandhinagar,dia,8.65
Gandhinagar,dia,8.68
Gandhinagar,dia,8.7
Gandhinagar,dia,8.72
Gandhinagar,dia,8.72
Gandhinagar,dia,8.74
Gandhinagar,dia,8.78
Gandhinagar,dia,8.81
Gandhinagar,dia,8.84
Gandhinagar,dia,8.86
Gandhinagar,dia,8.9
Gandhinagar,dia,8.92
Gandhinagar,dia,8.96
Gandhinagar,dia,9.0
Gandhinagar,dia,9.02
Gandhinagar,dia,9.06
Gandhinagar,dia,9.09
Gandhinagar,dia,9.13
Gandhinagar,dia,9.13
Gandhinagar,dia,9.14
Gandhinagar,dia,9.15
Gandhinagar,dia,9.15
Gandhinagar,dia,9.14
Gandhinagar,dia,9.08
Gandhinagar,dia,9.08
Gandhinagar,dia,9.12
Gandhinagar,dia,9.35
Gandhinagar,dia,3.82
Gandhinagar,dia,2.37
Gandhinagar,dia,2.35
Gandhinagar,dia,2.37
Gandhinagar,dia,3.34
Gandhinagar,dia,3.45
Gandhinagar,dia,3.54
Gandhinagar,dia,3.47
Gandhinagar,dia,3.39
Gandhinagar,dia,3.3
Gandhinagar,dia,3.18
Gandhinagar,dia,3.06
Gandhinagar,dia,2.99
Gandhinagar,dia,3.15
Gandhinagar,dia,3.19
Gandhinagar,dia,3.08
Gandhinagar,dia,3.19
Gandhinagar,dia,3.34
Gandhinagar,dia,3.46
Gandhinagar,dia,9.35
Gandhinagar,dia,9.04
Gandhinagar,dia,6.22
Gandhinagar,dia,6.33
Gandhinagar,dia,6.45
Gandhinagar,dia,6.54
Gandhinagar,dia,6.65
Gandhinagar,dia,6.74
Gandhinagar,dia,6.84
Gandhinagar,dia,6.93
Gandhinagar,dia,7.02
Gandhinagar,dia,7.1
Gandhinagar,dia,7.17
Gandhinagar,dia,7.24
Gandhinagar,dia,7.31
Gandhinagar,dia,7.36
Gandhinagar,dia,7.41
Gandhinagar,dia,7.47
Gandhinagar,dia,7.54
Gandhinagar,dia,7.6
Gandhinagar,dia,7.66
Gandhinagar,dia,7.71
Gandhinagar,dia,7.74
Gandhinagar,dia,7.75
Gandhinagar,dia,7.74
Gandhinagar,dia,7.72
Gandhinagar,dia,7.67
Gandhinagar,dia,7.62
Gandhinagar,dia,7.57
Gandhinagar,dia,7.51
Gandhinagar,dia,7.46
Gandhinagar,dia,7.39
Gandhinagar,dia,7.32
Gandhinagar,dia,7.3
Gandhinagar,dia,4.23
Gandhinagar,dia,4.49
Gandhinagar,dia,4.55
Gandhinagar,dia,4.71
Gandhinagar,dia,4.83
Gandhinagar,dia,5.01
Gandhinagar,dia,5.08
Gandhinagar,dia,5.17
Gandhinagar,dia,5.25
Gandhinagar,dia,5.31
Gandhinagar,dia,5.31
Gandhinagar,dia,5.36
Gandhinagar,dia,5.33
Gandhinagar,dia,5.27
Gandhinagar,noche,2.08
Gandhinagar,noche,2.08
Gandhinagar,noche,2.08
Gandhinagar,noche,2.07
Gandhinagar,noche,2.07
Gandhinagar,noche,2.07
Gandhinagar,noche,2.07
Gandhinagar,noche,2.07
Gandhinagar,noche,2.07
Gandhinagar,noche,2.07
Gandhinagar,noche,2.08
Gandhinagar,noche,2.08
Gandhinagar,noche,2.08
Gandhinagar,noche,2.09
Gandhinagar,noche,2.09
Gandhinagar,noche,2.1
Gandhinagar,noche,2.11
Gandhinagar,noche,2.11
Gandhinagar,noche,2.12
Gandhinagar,noche,2.13
Gandhinagar,noche,2.13
Gandhinagar,noche,2.14
Gandhinagar,noche,2.16
Gandhinagar,noche,2.17
Gandhinagar,noche,2.18
Gandhinagar,noche,2.19
Gandhinagar,noche,2.21
Gandhinagar,noche,0.72
Gandhinagar,noche,0.72
Gandhinagar,noche,0.72
Gandhinagar,noche,0.72
Gandhinagar,noche,0.72
Gandhinagar,noche,0.72
Gandhinagar,noche,0.72
Gandhinagar,noche,0.72
Gandhinagar,noche,0.72
Gandhinagar,noche,0.72
Gandhinagar,noche,0.71
Gandhinagar,noche,0.71
Gandhinagar,noche,0.71
Gandhinagar,noche,0.71
Gandhinagar,noche,0.71
Gandhinagar,noche,0.71
Gandhinagar,noche,0.71
Gandhinagar,noche,0.71
Gandhinagar,noche,0.71
Gandhinagar,noche,0.71
Gandhinagar,noche,0.71
Gandhinagar,noche,0.71
Gandhinagar,noche,0.71
Gandhinagar,noche,0.71
Gandhinagar,noche,0.71
Gandhinagar,noche,0.71
Gandhinagar,noche,0.71
Gandhinagar,noche,0.71
Gandhinagar,noche,0.71
Gandhinagar,noche,0.72
Gandhinagar,noche,6.22
Gandhinagar,noche,6.21
Gandhinagar,noche,6.23
Gandhinagar,noche,6.19
Gandhinagar,noche,6.12
Gandhinagar,noche,6.03
Gandhinagar,noche,5.99
Gandhinagar,noche,5.97
Gandhinagar,noche,5.9
Gandhinagar,noche,5.87
Gandhinagar,noche,5.85
Gandhinagar,noche,5.8
Gandhinagar,noche,5.81
Gandhinagar,noche,5.74
Gandhinagar,noche,5.72
Gandhinagar,noche,5.71
Gandhinagar,noche,5.77
Gandhinagar,noche,5.77
Gandhinagar,noche,5.73
Gandhinagar,noche,5.7
Gandhinagar,noche,5.66
Gandhinagar,noche,5.65
Gandhinagar,noche,5.61
Gandhinagar,noche,5.56
Gandhinagar,noche,5.51
Gandhinagar,noche,5.45
Gandhinagar,noche,5.39
Gandhinagar,noche,5.35
Gandhinagar,noche,5.26
Gandhinagar,noche,5.19
Gandhinagar,noche,5.12
Gandhinagar,noche,5.04
Gandhinagar,noche,4.97
Gandhinagar,noche,4.93
Gandhinagar,noche,4.86
Gandhinagar,noche,4.79
Gandhinagar,noche,4.71
Gandhinagar,noche,4.63
Gandhinagar,noche,4.57
Gandhinagar,noche,4.5
Gandhinagar,noche,4.57
Gandhinagar,noche,4.64
Gandhinagar,noche,4.69
Gandhinagar,noche,4.69
Gandhinagar,noche,4.76
Gandhinagar,noche,4.77
Gandhinagar,noche,4.78
Gandhinagar,noche,4.83
Gandhinagar,noche,4.81
Gandhinagar,noche,4.83
Gandhinagar,noche,4.82
Gandhinagar,noche,4.82
Gandhinagar,noche,4.82
Gandhinagar,noche,4.81
Gandhinagar,noche,4.77
Gandhinagar,noche,4.77
Gandhinagar,noche,4.74
Gandhinagar,noche,4.73
Gandhinagar,noche,4.71
Gandhinagar,noche,4.66
Gandhinagar,noche,4.62
Gandhinagar,noche,4.57
Gandhinagar,noche,4.52
Gandhinagar,noche,4.45
Gandhinagar,noche,4.35
Gandhinagar,noche,4.25
Gandhinagar,noche,4.16
Gandhinagar,noche,4.06
Gandhinagar,noche,3.95
Gandhinagar,noche,3.85
Gandhinagar,noche,3.75
Gandhinagar,noche,3.7
Gandhinagar,noche,3.65
Gandhinagar,noche,3.61
Gandhinagar,noche,3.55
Gandhinagar,noche,3.49
Gandhinagar,noche,3.45
Gandhinagar,noche,3.4
Gandhinagar,noche,3.35
Gandhinagar,noche,3.32
Gandhinagar,noche,3.27
Gandhinagar,noche,3.22
Gandhinagar,noche,3.18
Gandhinagar,noche,3.16
Gandhinagar,noche,3.13
Gandhinagar,noche,3.11
Gandhinagar,noche,3.1
Gandhinagar,noche,3.08
Gandhinagar,noche,3.07
Gandhinagar,noche,3.05
Gandhinagar,noche,3.04
Gandhinagar,noche,3.03
Gandhinagar,noche,3.01
Gandhinagar,noche,3.0
Gandhinagar,noche,2.98
Gandhinagar,noche,2.97
Gandhinagar,noche,2.96
Gandhinagar,noche,2.94
Gandhinagar,noche,2.92
Gandhinagar,noche,2.91
Gandhinagar,noche,2.88
Gandhinagar,noche,2.86
Gandhinagar,noche,2.85
Gandhinagar,noche,2.82
Gandhinagar,noche,2.79
Gandhinagar,noche,2.77
Gandhinagar,noche,2.74
Gandhinagar,noche,2.72
Gandhinagar,noche,2.7
Gandhinagar,noche,2.68
Gandhinagar,noche,2.66
Gandhinagar,noche,2.64
Gandhinagar,noche,2.62
Gandhinagar,noche,2.6
Gandhinagar,noche,2.57
Gandhinagar,noche,2.55
Gandhinagar,noche,2.53
Gandhinagar,noche,2.51
Gandhinagar,noche,2.49
Gandhinagar,noche,2.47
Gandhinagar,noche,2.45
Gandhinagar,noche,2.44
Gandhinagar,noche,2.42
Gandhinagar,noche,2.41
Gandhinagar,noche,2.4
Gandhinagar,noche,2.39
Gandhinagar,noche,2.39
Gandhinagar,noche,2.38
Gandhinagar,noche,2.38
Gandhinagar,noche,2.37
Gandhinagar,noche,2.37
Gandhinagar,noche,2.36
Gandhinagar,noche,2.36
Gandhinagar,noche,2.36
Gandhinagar,noche,2.35
Gandhinagar,noche,2.35
Gandhinagar,noche,2.34
Gandhinagar,noche,2.33
Gandhinagar,noche,2.32
Gandhinagar,noche,2.32
Gandhinagar,noche,2.31
Gandhinagar,noche,2.3
Gandhinagar,noche,2.28
Gandhinagar,noche,2.26
Gandhinagar,noche,2.26
Gandhinagar,noche,2.24
Gandhinagar,noche,2.22
Gandhinagar,noche,2.2
Gandhinagar,noche,2.16
Gandhinagar,noche,2.16
Gandhinagar,noche,2.14
Gandhinagar,noche,2.09
Gandhinagar,noche,2.04
Gandhinagar,noche,2.02
Gandhinagar,noche,1.99
Gandhinagar,noche,1.94
Gandhinagar,noche,1.87
Gandhinagar,noche,1.88
Gandhinagar,noche,1.83
Gandhinagar,noche,1.77
Gandhinagar,noche,1.7
Gandhinagar,noche,1.63
Gandhinagar,noche,1.55
Gandhinagar,noche,1.51
Gandhinagar,noche,1.48
Gandhinagar,noche,1.45
Gandhinagar,noche,1.45
Gandhinagar,noche,1.39
Gandhinagar,noche,1.34
Gandhinagar,noche,1.36
Gandhinagar,noche,1.33
Gandhinagar,noche,1.29
Gandhinagar,noche,1.29
Gandhinagar,noche,1.3
Gandhinagar,noche,1.28
Gandhinagar,noche,1.26
Gandhinagar,noche,1.28
Gandhinagar,noche,1.29
Gandhinagar,noche,1.32
Gandhinagar,noche,1.35
Gandhinagar,noche,1.37
Gandhinagar,noche,1.5
Gandhinagar,noche,1.6
Gandhinagar,noche,1.59
Gandhinagar,noche,1.78
Gandhinagar,noche,2.03
Gandhinagar,noche,2.19
Gandhinagar,noche,2.26
Gandhinagar,noche,2.64
Gandhinagar,noche,3.03
Gandhinagar,noche,3.62
Gandhinagar,noche,3.9
Gandhinagar,noche,3.95
Gandhinagar,noche,4.39
Gandhinagar,noche,5.1
Gandhinagar,noche,5.64
Gandhinagar,noche,5.82
Gandhinagar,noche,6.04
Gandhinagar,noche,6.98
Gandhinagar,noche,8.01
Gandhinagar,noche,9.25
Gandhinagar,noche,10.16
Gandhinagar,noche,11.03
Gandhinagar,noche,11.9
Gandhinagar,noche,12.36
Gandhinagar,noche,14.66
Gandhinagar,noche,15.29
Gandhinagar,noche,15.24
Gandhinagar,noche,18.49
Gandhinagar,noche,18.94
Gandhinagar,noche,20.85
Gandhinagar,noche,23.3
Gandhinagar,noche,23.18
Gandhinagar,noche,27.45
Gandhinagar,noche,28.07
Gandhinagar,noche,32.21
Gandhinagar,noche,34.12
Gandhinagar,noche,38.77
Gandhinagar,noche,41.46
Gandhinagar,noche,44.6
Gandhinagar,noche,49.34
Gandhinagar,noche,49.97
Gandhinagar,noche,52.9
Gandhinagar,noche,53.64
Gandhinagar,noche,56.8
Gandhinagar,noche,58.27
Gandhinagar,noche,60.46
Gandhinagar,noche,62.21
Gandhinagar,noche,63.78
Gandhinagar,noche,64.5
Gandhinagar,noche,65.93
Gandhinagar,noche,67.07
Gandhinagar,noche,67.89
Gandhinagar,noche,68.64
Gandhinagar,noche,69.46
Gandhinagar,noche,70.71
Gandhinagar,noche,71.55
Gandhinagar,noche,72.69
Gandhinagar,noche,72.84
Gandhinagar,noche,73.99
Gandhinagar,noche,74.91
Gandhinagar,noche,73.46
Gandhinagar,noche,72.11
Gandhinagar,noche,70.2
Gandhinagar,noche,68.08
Gandhinagar,noche,65.44
Gandhinagar,noche,62.1
Gandhinagar,noche,59.3
Gandhinagar,noche,54.42
Gandhinagar,noche,50.84
Gandhinagar,noche,47.16
Gandhinagar,noche,42.2
Gandhinagar,noche,38.21
Gandhinagar,noche,34.43
Gandhinagar,noche,30.59
Gandhinagar,noche,27.0
Gandhinagar,noche,23.28
Gandhinagar,noche,19.89
Gandhinagar,noche,16.92
Gandhinagar,noche,14.08
Gandhinagar,noche,11.79
Gandhinagar,noche,9.31
Gandhinagar,noche,7.22
Gandhinagar,noche,5.76
Gandhinagar,noche,4.66
Gandhinagar,noche,3.63
Gandhinagar,noche,2.48
Gandhinagar,noche,1.92
Gandhinagar,noche,1.53
Gandhinagar,noche,1.41
Gandhinagar,noche,1.54
Gandhinagar,noche,1.8
Gandhinagar,noche,2.09
Gandhinagar,noche,2.34
Gandhinagar,noche,2.57
Gandhinagar,noche,2.78
Gandhinagar,noche,2.97
Gandhinagar,noche,3.15
Gandhinagar,noche,3.29
Gandhinagar,noche,8.87
Gandhinagar,noche,8.73
Gandhinagar,noche,8.57
Gandhinagar,noche,8.41
Gandhinagar,noche,8.48
Gandhinagar,noche,8.59
Gandhinagar,noche,8.66
Gandhinagar,noche,8.73
Gandhinagar,noche,8.76
Gandhinagar,noche,8.75
Gandhinagar,noche,8.65
Gandhinagar,noche,8.47
Gandhinagar,noche,8.34
Gandhinagar,noche,8.2
Gandhinagar,noche,8.18
Gandhinagar,noche,8.2
Gandhinagar,noche,8.21
Gandhinagar,noche,8.3
Gandhinagar,noche,8.43
Gandhinagar,noche,8.5
Gandhinagar,noche,8.5
Gandhinagar,noche,8.45
Gandhinagar,noche,8.41
Gandhinagar,noche,8.36
Gandhinagar,noche,8.31
Gandhinagar,noche,8.38
Gandhinagar,noche,8.45
Gandhinagar,noche,8.47
Gandhinagar,noche,8.49
Gandhinagar,noche,8.48
Gandhinagar,noche,8.42
Gandhinagar,noche,8.35
Gandhinagar,noche,8.21
Gandhinagar,noche,8.06
Gandhinagar,noche,7.87
Gandhinagar,noche,7.79
Gandhinagar,noche,7.71
Gandhinagar,noche,7.68
Gandhinagar,noche,7.54
Gandhinagar,noche,7.46
Gandhinagar,noche,7.38
Gandhinagar,noche,7.29
Gandhinagar,noche,7.24
Gandhinagar,noche,7.11
Gandhinagar,noche,6.96
Gandhinagar,noche,6.8
Gandhinagar,noche,6.64
Gandhinagar,noche,6.5
Gandhinagar,noche,6.34
Gandhinagar,noche,6.13
Gandhinagar,noche,5.84
Gandhinagar,noche,5.54
Gandhinagar,noche,5.06
Gandhinagar,noche,4.65
Gandhinagar,noche,4.26
Gandhinagar,noche,3.91
Gandhinagar,noche,3.18
Gandhinagar,noche,2.91
Gandhinagar,noche,2.63
Gandhinagar,noche,2.2
Gandhinagar,noche,1.97
Gandhinagar,noche,1.7
Gandhinagar,noche,1.6
Gandhinagar,noche,1.71
Gandhinagar,noche,1.25
Gandhinagar,noche,1.05
Gandhinagar,noche,1.17
Gandhinagar,noche,1.94
Gandhinagar,noche,2.69
Gandhinagar,noche,3.76
Gandhinagar,noche,4.64
Gandhinagar,noche,5.77
Gandhinagar,noche,5.76
Gandhinagar,noche,6.59
Gandhinagar,noche,6.88
Gandhinagar,noche,7.21
Gandhinagar,noche,7.26
Gandhinagar,noche,6.88
Gandhinagar,noche,7.07
Gandhinagar,noche,6.88
Gandhinagar,noche,7.08
Gandhinagar,noche,7.27
Gandhinagar,noche,7.14
Gandhinagar,noche,7.23
Gandhinagar,noche,6.9
Gandhinagar,noche,6.85
Gandhinagar,noche,6.69
Gandhinagar,noche,6.82
Gandhinagar,noche,6.97
Gandhinagar,noche,7.07
Gandhinagar,noche,7.06
Gandhinagar,noche,6.88
Gandhinagar,noche,6.74
Gandhinagar,noche,6.42
Gandhinagar,noche,5.93
Gandhinagar,noche,5.55
Gandhinagar,noche,4.75
Gandhinagar,noche,3.97
Gandhinagar,noche,2.99
Gandhinagar,noche,6.71
Gandhinagar,noche,7.0
Gandhinagar,noche,7.33
Gandhinagar,noche,7.57
Gandhinagar,noche,7.77
Gandhinagar,noche,7.97
Gandhinagar,noche,8.19
Gandhinagar,noche,8.37
Gandhinagar,noche,8.54
Gandhinagar,noche,8.6
Gandhinagar,noche,8.58
Gandhinagar,noche,8.51
Gandhinagar,noche,8.33
Gandhinagar,noche,8.2
Gandhinagar,noche,8.09
Gandhinagar,noche,8.01
Gandhinagar,noche,8.16
Gandhinagar,noche,8.52
Gandhinagar,noche,9.28
Gandhinagar,noche,10.1
Gandhinagar,noche,11.37
Gandhinagar,noche,12.95
Gandhinagar,noche,14.59
Gandhinagar,noche,15.9
Gandhinagar,noche,16.42
Gandhinagar,noche,16.02
Gandhinagar,noche,16.14
Gandhinagar,noche,16.35
Gandhinagar,noche,15.23
Gandhinagar,noche,13.97
Gandhinagar,noche,13.5
Gandhinagar,noche,11.97
Gandhinagar,noche,11.67
Gandhinagar,noche,10.84
Gandhinagar,noche,9.57
Gandhinagar,noche,9.27
Gandhinagar,noche,11.4
Gandhinagar,noche,12.18
Gandhinagar,noche,13.37
Gandhinagar,noche,13.5
Gandhinagar,noche,13.27
Gandhinagar,noche,13.27
Gandhinagar,noche,12.54
Gandhinagar,noche,12.08
Gandhinagar,noche,11.76
Gandhinagar,noche,11.49
Gandhinagar,noche,11.17
Gandhinagar,noche,11.02
Gandhinagar,noche,10.84
Gandhinagar,noche,10.46
Gandhinagar,noche,10.19
Gandhinagar,noche,9.92
Gandhinagar,noche,9.74
Gandhinagar,noche,9.45
Gandhinagar,noche,9.17
Gandhinagar,noche,8.71
Gandhinagar,noche,8.74
Gandhinagar,noche,8.49
Gandhinagar,noche,8.46
Gandhinagar,noche,8.59
Gandhinagar,noche,9.09
Gandhinagar,noche,9.29
Gandhinagar,noche,9.69
Gandhinagar,noche,10.25
Gandhinagar,noche,10.08
Gandhinagar,noche,10.85
Gandhinagar,noche,11.31
Gandhinagar,noche,12.0
Gandhinagar,noche,11.84
Gandhinagar,noche,11.55
Gandhinagar,noche,11.72
Gandhinagar,noche,11.89
Gandhinagar,noche,12.27
Gandhinagar,noche,12.27
Gandhinagar,noche,12.15
Gandhinagar,noche,12.02
Gandhinagar,noche,11.7
Gandhinagar,noche,11.7
Gandhinagar,noche,11.39
Gandhinagar,noche,11.24
Gandhinagar,noche,11.36
Gandhinagar,noche,10.99
Gandhinagar,noche,11.03
Gandhinagar,noche,10.71
Gandhinagar,noche,10.47
Gandhinagar,noche,9.78
Gandhinagar,noche,8.65
Gandhinagar,noche,7.58
Gandhinagar,noche,6.75
Gandhinagar,noche,6.02
Gandhinagar,noche,4.95
Gandhinagar,noche,4.29
Gandhinagar,noche,3.19
Gandhinagar,noche,2.71
Gandhinagar,noche,2.24
Gandhinagar,noche,2.27
Gandhinagar,noche,2.7
Gandhinagar,noche,3.33
Gandhinagar,noche,3.96
Gandhinagar,noche,4.67
Gandhinagar,noche,5.27
Gandhinagar,noche,5.7
Gandhinagar,noche,6.25
Gandhinagar,noche,6.74
Gandhinagar,noche,7.17
Gandhinagar,noche,7.55
Gandhinagar,noche,7.94
Gandhinagar,noche,8.27
Gandhinagar,noche,8.61
Gandhinagar,noche,8.86
Gandhinagar,noche,9.15
Gandhinagar,noche,9.38
Gandhinagar,noche,9.54
Gandhinagar,noche,9.62
Gandhinagar,noche,9.71
Gandhinagar,noche,9.81
Gandhinagar,noche,9.9
Gandhinagar,noche,9.98
Gandhinagar,noche,10.1
Gandhinagar,noche,10.21
Gandhinagar,noche,10.33
Gandhinagar,noche,10.46
Gandhinagar,noche,10.7
Gandhinagar,noche,10.81
Gandhinagar,noche,10.93
Gandhinagar,noche,11.06
Gandhinagar,noche,11.23
Gandhinagar,noche,11.75
Gandhinagar,noche,12.02
Gandhinagar,noche,12.16
Gandhinagar,noche,12.38
Gandhinagar,noche,12.41
Gandhinagar,noche,12.3
Gandhinagar,noche,12.21
Gandhinagar,noche,11.76
Gandhinagar,noche,11.34
Gandhinagar,noche,10.87
Gandhinagar,noche,10.41
Gandhinagar,noche,9.99
Gandhinagar,noche,9.56
Gandhinagar,noche,9.19
Gandhinagar,noche,8.84
Gandhinagar,noche,8.45
Gandhinagar,noche,8.11
Gandhinagar,noche,7.71
Gandhinagar,noche,7.45
Gandhinagar,noche,7.24
Gandhinagar,noche,7.02
Gandhinagar,noche,6.82
Gandhinagar,noche,6.65
Gandhinagar,noche,6.55
Gandhinagar,noche,6.52
Gandhinagar,noche,6.64
Gandhinagar,noche,6.91
Gandhinagar,noche,7.32
Gandhinagar,noche,8.02
Gandhinagar,noche,8.89
Gandhinagar,noche,10.14
Gandhinagar,noche,11.4
Gandhinagar,noche,12.9
Gandhinagar,noche,14.4
Gandhinagar,noche,16.15
Gandhinagar,noche,17.67
Gandhinagar,noche,19.19
Gandhinagar,noche,20.56
Gandhinagar,noche,21.7
Gandhinagar,noche,22.84
Gandhinagar,noche,23.77
Gandhinagar,noche,25.39
Gandhinagar,noche,26.48
Gandhinagar,noche,27.47
Gandhinagar,noche,28.31
Gandhinagar,noche,28.88
Gandhinagar,noche,29.68
Gandhinagar,noche,30.36
Gandhinagar,noche,30.45
Gandhinagar,noche,30.8
Gandhinagar,noche,30.82
Gandhinagar,noche,30.03
Gandhinagar,noche,30.0
Gandhinagar,noche,29.42
Gandhinagar,noche,28.66
Gandhinagar,noche,27.67
Gandhinagar,noche,26.27
Gandhinagar,noche,24.32
Gandhinagar,noche,23.0
Gandhinagar,noche,20.7
Gandhinagar,noche,18.45
Gandhinagar,noche,17.09
Gandhinagar,noche,15.76
Gandhinagar,noche,13.96
Gandhinagar,noche,12.57
Gandhinagar,noche,11.41
Gandhinagar,noche,10.45
Gandhinagar,noche,9.13
Gandhinagar,noche,8.5
Gandhinagar,noche,7.9
Gandhinagar,noche,7.34
Gandhinagar,noche,6.88
Gandhinagar,noche,6.79
Gandhinagar,noche,6.96
Gandhinagar,noche,7.2
Gandhinagar,noche,7.29
Gandhinagar,noche,7.46
Gandhinagar,noche,7.45
Gandhinagar,noche,7.38
Gandhinagar,noche,7.37
Gandhinagar,noche,7.27
Gandhinagar,noche,7.12
Gandhinagar,noche,7.11
Gandhinagar,noche,6.84
Gandhinagar,noche,6.5
Gandhinagar,noche,6.37
Gandhinagar,noche,6.14
Gandhinagar,noche,5.79
Gandhinagar,noche,5.74
Gandhinagar,noche,5.37
Gandhinagar,noche,5.03
Gandhinagar,noche,4.75
Gandhinagar,noche,4.55
Gandhinagar,noche,4.43
Gandhinagar,noche,4.5
Gandhinagar,noche,4.63
Gandhinagar,noche,4.79
Gandhinagar,noche,4.98
Gandhinagar,noche,5.3
Gandhinagar,noche,5.81
Gandhinagar,noche,6.25
Gandhinagar,noche,6.76
Gandhinagar,noche,7.18
Gandhinagar,noche,7.81
Gandhinagar,noche,8.11
Gandhinagar,noche,8.48
Gandhinagar,noche,8.59
Gandhinagar,noche,8.38
Gandhinagar,noche,7.99
Gandhinagar,noche,7.81
Gandhinagar,noche,7.64
Gandhinagar,noche,7.32
Gandhinagar,noche,7.09
Gandhinagar,noche,6.97
Gandhinagar,noche,6.47
Gandhinagar,noche,5.94
Gandhinagar,noche,5.53
Gandhinagar,noche,5.63
Gandhinagar,noche,5.69
Gandhinagar,noche,5.7
Gandhinagar,noche,5.68
Gandhinagar,noche,5.68
Gandhinagar,noche,5.7
Gandhinagar,noche,5.57
Gandhinagar,noche,5.54
Gandhinagar,noche,5.58
Gandhinagar,noche,5.49
Gandhinagar,noche,5.25
Gandhinagar,noche,5.05
Gandhinagar,noche,4.81
Gandhinagar,noche,4.53
Gandhinagar,noche,4.32
Gandhinagar,noche,4.07
Gandhinagar,noche,3.77
Gandhinagar,noche,3.49
Gandhinagar,noche,3.27
Gandhinagar,noche,3.08
Gandhinagar,noche,2.88
Gandhinagar,noche,2.76
Gandhinagar,noche,2.64
Gandhinagar,noche,2.62
Gandhinagar,noche,2.59
Gandhinagar,noche,2.58
Gandhinagar,noche,2.55
Gandhinagar,noche,2.54
Gandhinagar,noche,2.53
Gandhinagar,noche,2.51
Gandhinagar,noche,2.5
Gandhinagar,noche,2.48
Gandhinagar,noche,2.46
Gandhinagar,noche,2.44
Gandhinagar,noche,2.41
Gandhinagar,noche,2.4
Gandhinagar,noche,2.37
Gandhinagar,noche,2.35
Gandhinagar,noche,2.32
Gandhinagar,noche,2.28
Gandhinagar,noche,2.24
Gandhinagar,noche,2.17
Gandhinagar,noche,2.08
Gandhinagar,noche,2.01
Gandhinagar,noche,1.91
Gandhinagar,noche,1.81
Gandhinagar,noche,1.85
Gandhinagar,noche,1.9
Gandhinagar,noche,1.96
Gandhinagar,noche,2.05
Gandhinagar,noche,2.11
Gandhinagar,noche,2.18
Gandhinagar,noche,2.21
Gandhinagar,noche,2.24
Gandhinagar,noche,2.25
Gandhinagar,noche,2.26
Gandhinagar,noche,2.25
Gandhinagar,noche,2.24
Gandhinagar,noche,2.23
Gandhinagar,noche,2.21
Gandhinagar,noche,2.19
Gandhinagar,noche,2.15
Gandhinagar,noche,2.11
Gandhinagar,noche,2.06
Gandhinagar,noche,2.0
Gandhinagar,noche,1.94
Gandhinagar,noche,1.88
Gandhinagar,noche,1.84
Gandhinagar,noche,1.79
Gandhinagar,noche,1.77
Gandhinagar,noche,1.75
Gandhinagar,noche,1.73
Gandhinagar,noche,1.72
Gandhinagar,noche,1.7
Gandhinagar,noche,1.68
Gandhinagar,noche,1.65
Gandhinagar,noche,1.62
Gandhinagar,noche,1.59
Gandhinagar,noche,1.55
Gandhinagar,noche,1.49
Gandhinagar,noche,1.43
Gandhinagar,noche,1.35
Gandhinagar,noche,1.27
Gandhinagar,noche,1.21
Gandhinagar,noche,1.12
Gandhinagar,noche,0.99
Gandhinagar,noche,0.99
Gandhinagar,noche,0.99
Gandhinagar,noche,0.95
Gandhinagar,noche,0.87
Gandhinagar,noche,0.81
Gandhinagar,noche,0.72
Gandhinagar,noche,0.68
Gandhinagar,noche,0.64
Gandhinagar,noche,0.62
Gandhinagar,noche,0.6
Gandhinagar,noche,0.56
Gandhinagar,noche,0.52
Gandhinagar,noche,0.48
Gandhinagar,noche,0.46
Gandhinagar,noche,0.38
Gandhinagar,noche,0.33
Gandhinagar,noche,0.3
Gandhinagar,noche,0.27
Gandhinagar,noche,0.28
Gandhinagar,noche,0.31
Gandhinagar,noche,0.35
Gandhinagar,noche,0.4
Gandhinagar,noche,0.46
Gandhinagar,noche,0.51
Gandhinagar,noche,0.56
Gandhinagar,noche,0.61
Gandhinagar,noche,0.66
Gandhinagar,noche,0.69
Gandhinagar,noche,0.71
Gandhinagar,noche,0.76
Gandhinagar,noche,0.81
Gandhinagar,noche,0.85
Gandhinagar,noche,0.88
Gandhinagar,noche,0.89
Gandhinagar,noche,0.91
Gandhinagar,noche,0.91
Gandhinagar,noche,0.91
Gandhinagar,noche,0.9
Gandhinagar,noche,0.91
Gandhinagar,noche,0.89
Gandhinagar,noche,0.89
Gandhinagar,noche,0.87
Gandhinagar,noche,0.86
Gandhinagar,noche,0.85
Gandhinagar,noche,0.86
Gandhinagar,noche,0.89
Gandhinagar,noche,0.92
Gandhinagar,noche,0.97
Gandhinagar,noche,1.03
Gandhinagar,noche,1.1
Gandhinagar,noche,1.26
Gandhinagar,noche,1.35
Gandhinagar,noche,1.51
Gandhinagar,noche,1.75
Gandhinagar,noche,1.97
Gandhinagar,noche,2.13
Gandhinagar,noche,2.31
Gandhinagar,noche,2.63
Gandhinagar,noche,2.95
Gandhinagar,noche,3.2
Gandhinagar,noche,3.58
Gandhinagar,noche,3.94
Gandhinagar,noche,4.21
Gandhinagar,noche,4.45
Gandhinagar,noche,4.71
Gandhinagar,noche,4.96
Gandhinagar,noche,5.22
Gandhinagar,noche,5.48
Gandhinagar,noche,5.73
Gandhinagar,noche,5.97
Gandhinagar,noche,6.21
Gandhinagar,noche,6.45
Gandhinagar,noche,6.68
Gandhinagar,noche,6.93
Gandhinagar,noche,7.21
Gandhinagar,noche,7.47
Gandhinagar,noche,7.76
Gandhinagar,noche,8.03
Gandhinagar,noche,8.33
Gandhinagar,noche,8.61
Gandhinagar,noche,8.88
Gandhinagar,noche,9.16
Gandhinagar,noche,9.43
Gandhinagar,noche,9.71
Gandhinagar,noche,10.01
Gandhinagar,noche,10.28
Gandhinagar,noche,10.56
Gandhinagar,noche,10.85
Gandhinagar,noche,11.11
Gandhinagar,noche,11.45
Gandhinagar,noche,11.75
Gandhinagar,noche,12.05
Gandhinagar,noche,12.32
Gandhinagar,noche,12.61
Gandhinagar,noche,12.92
Gandhinagar,noche,13.24
Gandhinagar,noche,13.57
Gandhinagar,noche,13.89
Gandhinagar,noche,14.21
Gandhinagar,noche,14.56
Gandhinagar,noche,14.93
Gandhinagar,noche,15.3
Gandhinagar,noche,15.67
Gandhinagar,noche,16.02
Gandhinagar,noche,16.38
Gandhinagar,noche,16.73
Gandhinagar,noche,17.07
Gandhinagar,noche,17.41
Gandhinagar,noche,17.75
Gandhinagar,noche,18.08
Gandhinagar,noche,18.41
Gandhinagar,noche,18.67
Gandhinagar,noche,18.95
Gandhinagar,noche,19.25
Gandhinagar,noche,19.57
Gandhinagar,noche,19.91
Gandhinagar,noche,20.02
Gandhinagar,noche,20.29
Gandhinagar,noche,20.57
Gandhinagar,noche,20.85
Gandhinagar,noche,21.12
Gandhinagar,noche,21.35
Gandhinagar,noche,21.6
Gandhinagar,noche,21.86
Gandhinagar,noche,22.12
Gandhinagar,noche,22.34
Gandhinagar,noche,22.64
Gandhinagar,noche,22.89
Gandhinagar,noche,23.06
Gandhinagar,noche,23.21
Gandhinagar,noche,23.31
Gandhinagar,noche,23.39
Gandhinagar,noche,23.44
Gandhinagar,noche,23.71
Gandhinagar,noche,23.99
Gandhinagar,noche,24.18
Gandhinagar,noche,24.43
Gandhinagar,noche,24.62
Gandhinagar,noche,24.8
Gandhinagar,noche,24.84
Gandhinagar,noche,24.85
Gandhinagar,noche,24.9
Gandhinagar,noche,24.91
Gandhinagar,noche,24.94
Gandhinagar,noche,24.96
Gandhinagar,noche,25.06
Gandhinagar,noche,25.11
Gandhinagar,noche,25.16
Gandhinagar,noche,25.19
Gandhinagar,noche,25.21
Gandhinagar,noche,25.31
Gandhinagar,noche,25.32
Gandhinagar,noche,25.35
Gandhinagar,noche,25.39
Gandhinagar,noche,25.45
Gandhinagar,noche,25.52
Gandhinagar,noche,25.59
Gandhinagar,noche,25.67
Gandhinagar,noche,25.73
Gandhinagar,noche,25.8
Gandhinagar,noche,25.84
Gandhinagar,noche,25.87
Gandhinagar,noche,25.94
Gandhinagar,noche,26.0
Gandhinagar,noche,26.08
Gandhinagar,noche,26.2
Gandhinagar,noche,26.32
Gandhinagar,noche,26.33
Gandhinagar,noche,26.41
Gandhinagar,noche,26.49
Gandhinagar,noche,26.58
Gandhinagar,noche,26.63
Gandhinagar,noche,26.61
Gandhinagar,noche,26.55
Gandhinagar,noche,26.61
Gandhinagar,noche,26.63
Gandhinagar,noche,26.66
Gandhinagar,noche,26.67
Gandhinagar,noche,26.67
Gandhinagar,noche,26.67
Gandhinagar,noche,26.67
Gandhinagar,noche,26.66
Gandhinagar,noche,26.61
Gandhinagar,noche,26.58
Gandhinagar,noche,26.49
Gandhinagar,noche,26.45
Gandhinagar,noche,26.33
Gandhinagar,noche,26.2
Gandhinagar,noche,26.05
Gandhinagar,noche,25.91
Gandhinagar,noche,25.8
Gandhinagar,noche,25.68
Gandhinagar,noche,25.48
Gandhinagar,noche,25.3
Gandhinagar,noche,25.09
Gandhinagar,noche,24.9
Gandhinagar,noche,24.71
Gandhinagar,noche,24.53
Gandhinagar,noche,24.31
Gandhinagar,noche,24.1
Gandhinagar,noche,23.84
Gandhinagar,noche,23.61
Gandhinagar,noche,23.38
Gandhinagar,noche,23.08
Gandhinagar,noche,22.77
Gandhinagar,noche,22.55
Gandhinagar,noche,22.16
Gandhinagar,noche,21.8
Gandhinagar,noche,21.46
Gandhinagar,noche,21.09
Gandhinagar,noche,20.73
Gandhinagar,noche,20.35
Gandhinagar,noche,19.9
Gandhinagar,noche,19.46
Gandhinagar,noche,19.06
Gandhinagar,noche,18.67
Gandhinagar,noche,18.1
Gandhinagar,noche,17.8
Gandhinagar,noche,17.17
Gandhinagar,noche,16.7
Gandhinagar,noche,15.92
Gandhinagar,noche,14.84
Gandhinagar,noche,14.09
Gandhinagar,noche,13.19
Gandhinagar,noche,11.85
Gandhinagar,noche,10.17
Gandhinagar,noche,10.16
Gandhinagar,noche,9.11
Gandhinagar,noche,7.89
Gandhinagar,noche,6.31
Gandhinagar,noche,4.77
Gandhinagar,noche,3.72
Gandhinagar,noche,3.33
Gandhinagar,noche,3.13
Gandhinagar,noche,3.13
Gandhinagar,noche,3.18
Gandhinagar,noche,3.45
Gandhinagar,noche,4.75
Gandhinagar,noche,3.24
Gandhinagar,noche,5.14
Gandhinagar,noche,7.66
Gandhinagar,noche,9.78
Gandhinagar,noche,11.48
Gandhinagar,noche,12.74
Gandhinagar,noche,13.68
Gandhinagar,noche,14.56
Gandhinagar,noche,15.36
Gandhinagar,noche,16.01
Gandhinagar,noche,16.52
Gandhinagar,noche,17.07
Gandhinagar,noche,17.54
Gandhinagar,noche,17.84
Gandhinagar,noche,18.2
Gandhinagar,noche,18.57
Gandhinagar,noche,18.88
Gandhinagar,noche,19.2
Gandhinagar,noche,19.42
Gandhinagar,noche,19.67
Gandhinagar,noche,19.9
Gandhinagar,noche,20.09
Gandhinagar,noche,20.29
Gandhinagar,noche,20.54
Gandhinagar,noche,20.71
Gandhinagar,noche,20.87
Gandhinagar,noche,21.01
Gandhinagar,noche,21.13
Gandhinagar,noche,21.26
Gandhinagar,noche,21.38
Gandhinagar,noche,21.49
Gandhinagar,noche,21.59
Gandhinagar,noche,21.67
Gandhinagar,noche,21.73
Gandhinagar,noche,7.46
Gandhinagar,noche,7.73
Gandhinagar,noche,7.97
Gandhinagar,noche,8.13
Gandhinagar,noche,8.37
Gandhinagar,noche,8.64
Gandhinagar,noche,8.79
Gandhinagar,noche,8.86
Gandhinagar,noche,8.8
Gandhinagar,noche,8.56
Gandhinagar,noche,8.18
Gandhinagar,noche,7.71
Gandhinagar,noche,7.54
Gandhinagar,noche,7.35
Gandhinagar,noche,7.32
Gandhinagar,noche,7.37
Gandhinagar,noche,7.76
Gandhinagar,noche,8.92
Gandhinagar,noche,10.28
Gandhinagar,noche,11.69
Gandhinagar,noche,12.91
Gandhinagar,noche,14.69
Gandhinagar,noche,10.7
Gandhinagar,noche,11.34
Gandhinagar,noche,11.53
Gandhinagar,noche,11.63
Gandhinagar,noche,11.64
Gandhinagar,noche,11.54
Gandhinagar,noche,11.37
Gandhinagar,noche,11.27
Gandhinagar,noche,11.25
Gandhinagar,noche,11.14
Gandhinagar,noche,10.95
Gandhinagar,noche,10.89
Gandhinagar,noche,10.76
Gandhinagar,noche,10.62
Gandhinagar,noche,10.48
Gandhinagar,noche,10.37
Gandhinagar,noche,10.29
Gandhinagar,noche,10.25
Gandhinagar,noche,10.21
Gandhinagar,noche,10.14
Gandhinagar,noche,10.07
Gandhinagar,noche,9.97
Gandhinagar,noche,9.88
Gandhinagar,noche,9.77
Gandhinagar,noche,9.67
Gandhinagar,noche,9.55
Gandhinagar,noche,9.38
Gandhinagar,noche,9.24
Gandhinagar,noche,9.07
Gandhinagar,noche,8.91
Gandhinagar,noche,8.75
Gandhinagar,noche,8.71
Gandhinagar,noche,8.8
Gandhinagar,noche,8.88
Gandhinagar,noche,9.09
Gandhinagar,noche,9.23
Gandhinagar,noche,8.54
Gandhinagar,noche,8.4
Gandhinagar,noche,8.27
Gandhinagar,noche,8.16
Gandhinagar,noche,8.09
Gandhinagar,noche,8.08
Gandhinagar,noche,8.12
Gandhinagar,noche,8.24
Gandhinagar,noche,8.46
Gandhinagar,noche,8.79
Gandhinagar,noche,9.23
Gandhinagar,noche,9.83
Gandhinagar,noche,10.52
Gandhinagar,noche,11.35
Gandhinagar,noche,12.02
Gandhinagar,noche,12.72
Gandhinagar,noche,13.43
Gandhinagar,noche,14.22
Gandhinagar,noche,15.08
Gandhinagar,noche,16.05
Gandhinagar,noche,16.86
Gandhinagar,noche,17.42
Gandhinagar,noche,18.01
Gandhinagar,noche,18.71
Gandhinagar,noche,19.18
Gandhinagar,noche,19.6
Gandhinagar,noche,20.0
Gandhinagar,noche,20.74
Gandhinagar,noche,21.37
Gandhinagar,noche,21.9
Gandhinagar,noche,22.42
Gandhinagar,noche,22.9
Gandhinagar,noche,23.43
Gandhinagar,noche,23.73
Gandhinagar,noche,23.9
Gandhinagar,noche,24.42
Gandhinagar,noche,24.37
Gandhinagar,noche,24.49
Gandhinagar,noche,24.66
Gandhinagar,noche,24.63
Gandhinagar,noche,24.48
Gandhinagar,noche,24.4
Gandhinagar,noche,24.61
Gandhinagar,noche,25.01
Gandhinagar,noche,25.71
Gandhinagar,noche,26.01
Gandhinagar,noche,27.13
Gandhinagar,noche,27.08
Gandhinagar,noche,27.64
Gandhinagar,noche,28.21
Gandhinagar,noche,28.65
Gandhinagar,noche,28.58
Gandhinagar,noche,28.74
Gandhinagar,noche,28.48
Gandhinagar,noche,28.85
Gandhinagar,noche,29.71
Gandhinagar,noche,29.73
Gandhinagar,noche,29.69
Gandhinagar,noche,29.33
Gandhinagar,noche,28.99
Gandhinagar,noche,29.02
Gandhinagar,noche,28.65
Gandhinagar,noche,28.33
Gandhinagar,noche,28.51
Gandhinagar,noche,28.27
Gandhinagar,noche,27.7
Gandhinagar,noche,26.95
Gandhinagar,noche,26.19
Gandhinagar,noche,25.36
Gandhinagar,noche,23.73
Gandhinagar,noche,22.37
Gandhinagar,noche,21.62
Gandhinagar,noche,20.91
Gandhinagar,noche,20.18
Gandhinagar,noche,19.44
Gandhinagar,noche,18.84
Gandhinagar,noche,17.56
Gandhinagar,noche,16.72
Gandhinagar,noche,15.89
Gandhinagar,noche,15.03
Gandhinagar,noche,13.9
Gandhinagar,noche,12.59
Gandhinagar,noche,11.47
Gandhinagar,noche,10.61
Gandhinagar,noche,9.67
Gandhinagar,noche,8.83
Gandhinagar,noche,8.09
Gandhinagar,noche,7.48
Gandhinagar,noche,7.16
Gandhinagar,noche,6.91
Gandhinagar,noche,6.77
Gandhinagar,noche,6.74
Gandhinagar,noche,6.79
Gandhinagar,noche,6.9
Gandhinagar,noche,7.07
Gandhinagar,noche,7.27
Gandhinagar,noche,7.48
Gandhinagar,noche,7.73
Gandhinagar,noche,8.0
Gandhinagar,noche,8.3
Gandhinagar,noche,8.62
Gandhinagar,noche,8.97
Gandhinagar,noche,9.38
Gandhinagar,noche,9.67
Gandhinagar,noche,9.99
Gandhinagar,noche,10.56
Gandhinagar,noche,10.89
Gandhinagar,noche,11.32
Gandhinagar,noche,11.6
Gandhinagar,noche,11.95
Gandhinagar,noche,12.27
Gandhinagar,noche,12.51
Gandhinagar,noche,12.45
Gandhinagar,noche,12.31
Gandhinagar,noche,12.27
Gandhinagar,noche,12.02
Gandhinagar,noche,10.6
Gandhinagar,noche,10.41
Gandhinagar,noche,10.24
Gandhinagar,noche,10.05
Gandhinagar,noche,9.91
Gandhinagar,noche,9.83
Gandhinagar,noche,9.74
Gandhinagar,noche,9.42
Gandhinagar,noche,9.23
Gandhinagar,noche,9.06
Gandhinagar,noche,8.79
Gandhinagar,noche,2.11
Gandhinagar,noche,2.5
Gandhinagar,noche,4.0
Gandhinagar,noche,10.59
Gandhinagar,noche,10.87
Gandhinagar,noche,11.29
Gandhinagar,noche,11.31
Gandhinagar,noche,11.29
Gandhinagar,noche,11.12
Gandhinagar,noche,11.31
Gandhinagar,noche,11.83
Gandhinagar,noche,4.15
Gandhinagar,noche,4.45
Gandhinagar,noche,4.76
Gandhinagar,noche,5.12
Gandhinagar,noche,5.46
Gandhinagar,noche,5.72
Gandhinagar,noche,6.02
Gandhinagar,noche,6.21
Gandhinagar,noche,6.38
Gandhinagar,noche,6.52
Gandhinagar,noche,6.64
Gandhinagar,noche,6.77
Gandhinagar,noche,6.87
Gandhinagar,noche,6.95
Gandhinagar,noche,7.03
Gandhinagar,noche,10.77
Gandhinagar,noche,10.48
Gandhinagar,noche,10.36
Gandhinagar,noche,10.01
Gandhinagar,noche,10.18
Gandhinagar,noche,9.78
Gandhinagar,noche,9.39
Gandhinagar,noche,9.26
Gandhinagar,noche,8.88
Gandhinagar,noche,8.58
Gandhinagar,noche,8.17
Gandhinagar,noche,7.85
Gandhinagar,noche,7.57
Gandhinagar,noche,7.25
Gandhinagar,noche,6.92
Gandhinagar,noche,6.69
Gandhinagar,noche,6.43
Gandhinagar,noche,6.32
Gandhinagar,noche,6.44
Gandhinagar,noche,6.61
Gandhinagar,noche,6.74
Gandhinagar,noche,6.82
Gandhinagar,noche,7.14
Gandhinagar,noche,7.3
Gandhinagar,noche,7.43
Gandhinagar,noche,7.5
Gandhinagar,noche,7.39
Gandhinagar,noche,7.25
Gandhinagar,noche,6.93
Gandhinagar,noche,6.5
Gandhinagar,noche,5.83
Gandhinagar,noche,5.43
Gandhinagar,noche,8.63
Gandhinagar,noche,4.92
Gandhinagar,noche,4.58
Gandhinagar,noche,4.38
Gandhinagar,noche,4.32
Gandhinagar,noche,4.19
Gandhinagar,noche,4.01
Gandhinagar,noche,3.81
Gandhinagar,noche,3.67
Gandhinagar,noche,3.68
Gandhinagar,noche,3.74
Gandhinagar,noche,4.07
Gandhinagar,noche,4.28
Gandhinagar,noche,4.5
Gandhinagar,noche,4.94
Gandhinagar,noche,5.24
Gandhinagar,noche,5.82
Gandhinagar,noche,6.01
Gandhinagar,noche,3.27
Gandhinagar,noche,9.88
Gandhinagar,noche,10.32
Gandhinagar,noche,9.45
Gandhinagar,noche,9.06
Gandhinagar,noche,7.31
Gandhinagar,noche,7.04
Gandhinagar,noche,6.82
Gandhinagar,noche,6.57
Gandhinagar,noche,6.57
Gandhinagar,noche,6.56
Gandhinagar,noche,6.66
Gandhinagar,noche,3.97
Gandhinagar,noche,3.88
Gandhinagar,noche,3.81
Gandhinagar,noche,3.77
Gandhinagar,noche,3.75
Gandhinagar,noche,3.72
Gandhinagar,noche,3.72
Gandhinagar,noche,3.72
Gandhinagar,noche,3.73
Gandhinagar,noche,3.74
Gandhinagar,noche,3.76
Gandhinagar,noche,3.77
Gandhinagar,noche,3.82
Gandhinagar,noche,3.88
Gandhinagar,noche,3.94
Gandhinagar,noche,4.02
Gandhinagar,noche,4.13
Gandhinagar,noche,4.29
Gandhinagar,noche,4.48
Gandhinagar,noche,4.71
Gandhinagar,noche,5.0
Gandhinagar,noche,5.22
Gandhinagar,noche,5.52
Gandhinagar,noche,5.88
Gandhinagar,noche,6.24
Gandhinagar,noche,10.39
Gandhinagar,noche,9.81
Gandhinagar,noche,2.27
Gandhinagar,noche,4.17
Gandhinagar,noche,4.31
Gandhinagar,noche,4.46
Gandhinagar,noche,4.51
Gandhinagar,noche,10.38
Gandhinagar,noche,11.23
Gandhinagar,noche,11.33
Gandhinagar,noche,11.57
Gandhinagar,noche,11.7
Gandhinagar,noche,11.87
Gandhinagar,noche,10.93
Gandhinagar,noche,14.4
Gandhinagar,noche,12.89
Gandhinagar,noche,12.61
Gandhinagar,noche,11.95
Gandhinagar,noche,11.17
Gandhinagar,noche,10.81
Gandhinagar,noche,10.02
Gandhinagar,noche,10.44
Gandhinagar,noche,11.73
Gandhinagar,noche,13.45
Gandhinagar,noche,13.41
Gandhinagar,noche,13.01
Gandhinagar,noche,13.03
Gandhinagar,noche,12.72
Gandhinagar,noche,12.25
Gandhinagar,noche,8.85
Gandhinagar,noche,10.76
Gandhinagar,noche,10.68
Gandhinagar,noche,10.54
Gandhinagar,noche,10.41
Gandhinagar,noche,10.22
Gandhinagar,noche,10.05
Gandhinagar,noche,9.79
Gandhinagar,noche,9.52
Gandhinagar,noche,9.23
Gandhinagar,noche,8.88
Gandhinagar,noche,8.51
Gandhinagar,noche,8.08
Gandhinagar,noche,7.65
Gandhinagar,noche,7.2
Gandhinagar,noche,6.8
Gandhinagar,noche,6.35
Gandhinagar,noche,5.92
Gandhinagar,noche,5.55
Gandhinagar,noche,5.24
Gandhinagar,noche,4.94
Gandhinagar,noche,4.68
Gandhinagar,noche,4.56
Gandhinagar,noche,4.52
Gandhinagar,noche,4.48
Gandhinagar,noche,4.42
Gandhinagar,noche,4.34
Gandhinagar,noche,4.24
Gandhinagar,noche,4.12
Gandhinagar,noche,3.96
Gandhinagar,noche,3.79
Gandhinagar,noche,3.63
Gandhinagar,noche,3.46
Gandhinagar,noche,3.34
Gandhinagar,noche,3.28
Gandhinagar,noche,3.37
Gandhinagar,noche,3.6
Gandhinagar,noche,4.16
Gandhinagar,noche,4.8
Gandhinagar,noche,5.92
Gandhinagar,noche,7.07
Gandhinagar,noche,8.37
Gandhinagar,noche,10.55
Gandhinagar,noche,11.98
Gandhinagar,noche,13.51
Gandhinagar,noche,14.95
Gandhinagar,noche,17.95
Gandhinagar,noche,19.21
Gandhinagar,noche,20.25
Gandhinagar,noche,22.63
Gandhinagar,noche,23.33
Gandhinagar,noche,24.69
Gandhinagar,noche,25.43
Gandhinagar,noche,25.93
Gandhinagar,noche,26.97
Gandhinagar,noche,27.58
Gandhinagar,noche,27.72
Gandhinagar,noche,27.92
Gandhinagar,noche,28.0
Gandhinagar,noche,27.86
Gandhinagar,noche,27.87
Gandhinagar,noche,27.68
Gandhinagar,noche,27.38
Gandhinagar,noche,26.99
Gandhinagar,noche,26.57
Gandhinagar,noche,26.12
Gandhinagar,noche,25.78
Gandhinagar,noche,25.59
Gandhinagar,noche,25.16
Gandhinagar,noche,24.8
Gandhinagar,noche,24.52
Gandhinagar,noche,24.29
Gandhinagar,noche,24.04
Gandhinagar,noche,23.89
Gandhinagar,noche,23.72
Gandhinagar,noche,23.62
Gandhinagar,noche,23.53
Gandhinagar,noche,23.48
Gandhinagar,noche,23.44
Gandhinagar,noche,23.46
Gandhinagar,noche,23.45
Gandhinagar,noche,23.47
Gandhinagar,noche,23.53
Gandhinagar,noche,23.61
Gandhinagar,noche,23.63
Gandhinagar,noche,26.81
Gandhinagar,noche,27.28
Gandhinagar,noche,28.03
Gandhinagar,noche,28.65
Gandhinagar,noche,29.34
Gandhinagar,noche,30.0
Gandhinagar,noche,31.0
Gandhinagar,noche,31.68
Gandhinagar,noche,32.3
Gandhinagar,noche,32.76
Gandhinagar,noche,33.19
Gandhinagar,noche,33.54
Gandhinagar,noche,33.75
Gandhinagar,noche,33.82
Gandhinagar,noche,33.7
Gandhinagar,noche,33.29
Gandhinagar,noche,32.61
Gandhinagar,noche,31.68
Gandhinagar,noche,30.88
Gandhinagar,noche,29.95
Gandhinagar,noche,28.85
Gandhinagar,noche,27.78
Gandhinagar,noche,26.57
Gandhinagar,noche,25.31
Gandhinagar,noche,23.86
Gandhinagar,noche,22.39
Gandhinagar,noche,20.66
Gandhinagar,noche,19.13
Gandhinagar,noche,17.38
Gandhinagar,noche,15.69
Gandhinagar,noche,14.01
Gandhinagar,noche,14.88
Gandhinagar,noche,16.26
Gandhinagar,noche,17.72
Gandhinagar,noche,19.27
Gandhinagar,noche,20.77
Gandhinagar,noche,20.13
Gandhinagar,noche,19.32
Gandhinagar,noche,18.42
Gandhinagar,noche,18.23
Gandhinagar,noche,17.19
Gandhinagar,noche,16.89
Gandhinagar,noche,16.58
Gandhinagar,noche,16.25
Gandhinagar,noche,15.9
Gandhinagar,noche,15.32
Gandhinagar,noche,14.73
Gandhinagar,noche,14.2
Gandhinagar,noche,13.63
Gandhinagar,noche,12.98
Gandhinagar,noche,12.37
Gandhinagar,noche,11.98
Gandhinagar,noche,11.62
Gandhinagar,noche,11.23
Gandhinagar,noche,10.83
Gandhinagar,noche,10.42
Gandhinagar,noche,9.96
Gandhinagar,noche,9.57
Gandhinagar,noche,8.73
Gandhinagar,noche,8.02
Gandhinagar,noche,7.51
Gandhinagar,noche,7.18
Gandhinagar,noche,6.95
Gandhinagar,noche,6.57
Gandhinagar,noche,6.42
Gandhinagar,noche,6.24
Gandhinagar,noche,6.04
Gandhinagar,noche,5.81
Gandhinagar,noche,5.6
Gandhinagar,noche,5.35
Gandhinagar,noche,5.15
Gandhinagar,noche,5.12
Gandhinagar,noche,4.98
Gandhinagar,noche,4.91
Gandhinagar,noche,4.85
Gandhinagar,noche,4.74
Gandhinagar,noche,4.64
Gandhinagar,noche,4.56
Gandhinagar,noche,4.52
Gandhinagar,noche,4.51
Gandhinagar,noche,4.52
Gandhinagar,noche,4.53
Gandhinagar,noche,4.5
Gandhinagar,noche,4.51
Gandhinagar,noche,4.52
Gandhinagar,noche,4.54
Gandhinagar,noche,4.56
Gandhinagar,noche,4.59
Gandhinagar,noche,4.63
Gandhinagar,noche,4.66
Gandhinagar,noche,4.7
Gandhinagar,noche,4.74
Gandhinagar,noche,4.8
Gandhinagar,noche,4.85
Gandhinagar,noche,4.89
Gandhinagar,noche,4.94
Gandhinagar,noche,5.02
Gandhinagar,noche,5.09
Gandhinagar,noche,5.14
Gandhinagar,noche,5.19
Gandhinagar,noche,5.23
Gandhinagar,noche,5.28
Gandhinagar,noche,5.33
Gandhinagar,noche,5.38
Gandhinagar,noche,5.43
Gandhinagar,noche,5.45
Gandhinagar,noche,5.52
Gandhinagar,noche,5.57
Gandhinagar,noche,5.65
Gandhinagar,noche,5.77
Gandhinagar,noche,5.92
Gandhinagar,noche,6.12
Gandhinagar,noche,6.33
Gandhinagar,noche,6.55
Gandhinagar,noche,6.82
Gandhinagar,noche,7.2
Gandhinagar,noche,7.73
Gandhinagar,noche,8.13
Gandhinagar,noche,8.56
Gandhinagar,noche,9.05
Gandhinagar,noche,9.61
Gandhinagar,noche,10.24
Gandhinagar,noche,10.97
Gandhinagar,noche,11.79
Gandhinagar,noche,12.64
Gandhinagar,noche,13.67
Gandhinagar,noche,14.65
Gandhinagar,noche,15.72
Gandhinagar,noche,16.83
Gandhinagar,noche,18.12
Gandhinagar,noche,19.56
Gandhinagar,noche,21.11
Gandhinagar,noche,22.35
Gandhinagar,noche,23.54
Gandhinagar,noche,24.59
Gandhinagar,noche,25.55
Gandhinagar,noche,26.37
Gandhinagar,noche,27.15
Gandhinagar,noche,27.81
Gandhinagar,noche,28.62
Gandhinagar,noche,29.28
Gandhinagar,noche,29.85
Gandhinagar,noche,30.43
Gandhinagar,noche,30.82
Gandhinagar,noche,31.25
Gandhinagar,noche,31.68
Gandhinagar,noche,32.09
Gandhinagar,noche,32.25
Gandhinagar,noche,32.39
Gandhinagar,noche,32.51
Gandhinagar,noche,32.6
Gandhinagar,noche,32.72
Gandhinagar,noche,32.99
Gandhinagar,noche,33.02
Gandhinagar,noche,33.02
Gandhinagar,noche,33.02
Gandhinagar,noche,33.0
Gandhinagar,noche,32.99
Gandhinagar,noche,32.98
Gandhinagar,noche,32.97
Gandhinagar,noche,32.97
Gandhinagar,noche,32.97
Gandhinagar,noche,33.04
Gandhinagar,noche,32.83
Gandhinagar,noche,32.38
Gandhinagar,noche,31.82
Gandhinagar,noche,31.14
Gandhinagar,noche,30.3
Gandhinagar,noche,29.34
Gandhinagar,noche,28.28
Gandhinagar,noche,27.14
Gandhinagar,noche,26.03
Gandhinagar,noche,24.91
Gandhinagar,noche,23.83
Gandhinagar,noche,22.81
Gandhinagar,noche,21.91
Gandhinagar,noche,21.08
Gandhinagar,noche,20.35
Gandhinagar,noche,19.7
Gandhinagar,noche,19.12
Gandhinagar,noche,19.03
Gandhinagar,noche,19.13
Gandhinagar,noche,19.11
Gandhinagar,noche,19.23
Gandhinagar,noche,18.75
Gandhinagar,noche,18.29
Gandhinagar,noche,17.89
Gandhinagar,noche,17.52
Gandhinagar,noche,17.18
Gandhinagar,noche,16.86
Gandhinagar,noche,16.83
Gandhinagar,noche,17.23
Gandhinagar,noche,17.61
Gandhinagar,noche,18.0
Gandhinagar,noche,18.38
Gandhinagar,noche,18.67
Gandhinagar,noche,18.06
Gandhinagar,noche,17.93
Gandhinagar,noche,17.76
Gandhinagar,noche,17.62
Gandhinagar,noche,4.76
Gandhinagar,noche,4.48
Gandhinagar,noche,4.68
Gandhinagar,noche,7.82
Gandhinagar,noche,7.69
Gandhinagar,noche,8.18
Gandhinagar,noche,9.16
Gandhinagar,noche,10.32
Gandhinagar,noche,11.32
Gandhinagar,noche,12.77
Gandhinagar,noche,9.33
Gandhinagar,noche,9.92
Gandhinagar,noche,10.23
Gandhinagar,noche,10.76
Gandhinagar,noche,10.98
Gandhinagar,noche,10.48
Gandhinagar,noche,10.15
Gandhinagar,noche,9.84
Gandhinagar,noche,9.41
Gandhinagar,noche,9.05
Gandhinagar,noche,8.68
Gandhinagar,noche,12.0
Gandhinagar,noche,11.84
Gandhinagar,noche,8.57
Gandhinagar,noche,8.62
Gandhinagar,noche,9.1
Gandhinagar,noche,9.16
Gandhinagar,noche,10.74
Gandhinagar,noche,10.87
Gandhinagar,noche,11.69
Gandhinagar,noche,9.75
Gandhinagar,noche,9.76
Gandhinagar,noche,9.62
Gandhinagar,noche,9.52
Gandhinagar,noche,9.61
Gandhinagar,noche,9.57
Gandhinagar,noche,9.85
Gandhinagar,noche,9.82
Gandhinagar,noche,9.49
Gandhinagar,noche,9.21
Gandhinagar,noche,8.89
Gandhinagar,noche,8.73
Gandhinagar,noche,8.52
Gandhinagar,noche,7.66
Gandhinagar,noche,7.15
Gandhinagar,noche,6.73
Gandhinagar,noche,6.42
Gandhinagar,noche,6.33
Gandhinagar,noche,7.38
Gandhinagar,noche,7.63
Gandhinagar,noche,7.47
Gandhinagar,noche,7.55
Gandhinagar,noche,7.36
Gandhinagar,noche,6.98
Gandhinagar,noche,6.76
Gandhinagar,noche,6.92
Gandhinagar,noche,6.93
Gandhinagar,noche,6.93
Gandhinagar,noche,6.93
Gandhinagar,noche,4.8
Gandhinagar,noche,6.05
Gandhinagar,noche,6.58
Gandhinagar,noche,7.41
Gandhinagar,noche,8.04
Gandhinagar,noche,8.93
Gandhinagar,noche,9.95
Gandhinagar,noche,10.75
Gandhinagar,noche,12.37
Gandhinagar,noche,13.94
Gandhinagar,noche,15.12
Gandhinagar,noche,16.31
Gandhinagar,noche,15.44
Gandhinagar,noche,16.19
Gandhinagar,noche,16.73
Gandhinagar,noche,16.61
Gandhinagar,noche,16.47
Gandhinagar,noche,16.34
Gandhinagar,noche,16.18
Gandhinagar,noche,16.08
Gandhinagar,noche,15.6
Gandhinagar,noche,14.86
Gandhinagar,noche,14.13
Gandhinagar,noche,13.39
Gandhinagar,noche,12.36
Gandhinagar,noche,11.2
Gandhinagar,noche,9.9
Gandhinagar,noche,8.77
Gandhinagar,noche,8.32
Gandhinagar,noche,8.16
Gandhinagar,noche,7.68
Gandhinagar,noche,7.43
Gandhinagar,noche,7.05
Gandhinagar,noche,7.0
Gandhinagar,noche,7.66
Gandhinagar,noche,8.26
Gandhinagar,noche,8.54
Gandhinagar,noche,10.26
Gandhinagar,noche,11.67
Gandhinagar,noche,12.86
Gandhinagar,noche,15.15
Gandhinagar,noche,16.37
Gandhinagar,noche,19.07
Gandhinagar,noche,19.84
Gandhinagar,noche,19.35
Gandhinagar,noche,19.54
Gandhinagar,noche,18.24
Gandhinagar,noche,16.35
Gandhinagar,noche,14.77
Gandhinagar,noche,13.53
Gandhinagar,noche,13.12
Gandhinagar,noche,13.37
Gandhinagar,noche,11.98
Gandhinagar,noche,12.28
Gandhinagar,noche,11.25
Gandhinagar,noche,10.67
Gandhinagar,noche,9.47
Gandhinagar,noche,8.97
Gandhinagar,noche,0.52
Gandhinagar,noche,0.58
Gandhinagar,noche,0.6
Gandhinagar,noche,0.63
Gandhinagar,noche,0.65
Gandhinagar,noche,0.68
Gandhinagar,noche,0.7
Gandhinagar,noche,0.71
Gandhinagar,noche,0.73
Gandhinagar,noche,0.74
Gandhinagar,noche,0.74
Gandhinagar,noche,0.74
Gandhinagar,noche,0.73
Gandhinagar,noche,0.71
Gandhinagar,noche,0.68
Gandhinagar,noche,0.64
Gandhinagar,noche,0.59
Gandhinagar,noche,0.56
Gandhinagar,noche,0.52
Gandhinagar,noche,0.49
Gandhinagar,noche,0.5
Gandhinagar,noche,0.56
Gandhinagar,noche,0.68
Gandhinagar,noche,0.85
Gandhinagar,noche,1.07
Gandhinagar,noche,1.35
Gandhinagar,noche,1.66
Gandhinagar,noche,2.0
Gandhinagar,noche,2.33
Gandhinagar,noche,2.66
Gandhinagar,noche,2.92
Gandhinagar,noche,3.16
Gandhinagar,noche,3.28
Gandhinagar,noche,3.46
Gandhinagar,noche,3.63
Gandhinagar,noche,3.83
Gandhinagar,noche,4.01
Gandhinagar,noche,4.16
Gandhinagar,noche,4.28
Gandhinagar,noche,4.37
Gandhinagar,noche,4.47
Gandhinagar,noche,4.57
Gandhinagar,noche,4.66
Gandhinagar,noche,4.71
Gandhinagar,noche,4.64
Gandhinagar,noche,4.66
Gandhinagar,noche,4.41
Gandhinagar,noche,4.31
Gandhinagar,noche,4.39
Gandhinagar,noche,4.5
Gandhinagar,noche,4.75
Gandhinagar,noche,4.95
Gandhinagar,noche,5.31
Gandhinagar,noche,6.05
Gandhinagar,noche,6.34
Gandhinagar,noche,7.22
Gandhinagar,noche,9.58
Gandhinagar,noche,7.41
Gandhinagar,noche,7.72
Gandhinagar,noche,8.1
Gandhinagar,noche,8.43
Gandhinagar,noche,8.77
Gandhinagar,noche,9.11
Gandhinagar,noche,9.5
Gandhinagar,noche,9.88
Gandhinagar,noche,10.34
Gandhinagar,noche,10.7
Gandhinagar,noche,11.11
Gandhinagar,noche,11.38
Gandhinagar,noche,11.69
Gandhinagar,noche,11.8
Gandhinagar,noche,12.11
Gandhinagar,noche,12.28
Gandhinagar,noche,12.2
Gandhinagar,noche,11.72
Gandhinagar,noche,11.34
Gandhinagar,noche,8.42
Gandhinagar,noche,7.65
Gandhinagar,noche,7.27
Gandhinagar,noche,6.91
Gandhinagar,noche,12.58
Gandhinagar,noche,10.68
Gandhinagar,noche,9.94
Gandhinagar,noche,9.27
Gandhinagar,noche,8.75
Gandhinagar,noche,8.48
Gandhinagar,noche,8.3
Gandhinagar,noche,8.33
Gandhinagar,noche,8.21
Gandhinagar,noche,7.73
Gandhinagar,noche,7.52
Gandhinagar,noche,7.28
Gandhinagar,noche,6.99
Gandhinagar,noche,6.72
Gandhinagar,noche,6.41
Gandhinagar,noche,4.25
Gandhinagar,noche,4.09
Gandhinagar,noche,3.99
Gandhinagar,noche,6.03
Gandhinagar,noche,7.27
Gandhinagar,noche,8.85
Gandhinagar,noche,11.08
Gandhinagar,noche,10.81
Gandhinagar,noche,10.47
Gandhinagar,noche,10.29
Gandhinagar,noche,10.1
Gandhinagar,noche,9.84
Gandhinagar,noche,9.05
Gandhinagar,noche,8.36
Gandhinagar,noche,6.98
Gandhinagar,noche,6.58
Gandhinagar,noche,5.81
Gandhinagar,noche,4.91
Gandhinagar,noche,3.08
Gandhinagar,noche,1.99
Gandhinagar,noche,2.71
Gandhinagar,noche,3.31
Gandhinagar,noche,3.9
Gandhinagar,noche,4.57
Gandhinagar,noche,5.2
Gandhinagar,noche,5.8
Gandhinagar,noche,6.31
Gandhinagar,noche,7.95
Gandhinagar,noche,8.29
Gandhinagar,noche,8.59
Gandhinagar,noche,9.54
Gandhinagar,noche,9.65
Gandhinagar,noche,7.11
Gandhinagar,noche,6.99
Gandhinagar,noche,3.77
Gandhinagar,noche,3.93
Gandhinagar,noche,4.02
Gandhinagar,noche,4.15
Gandhinagar,noche,4.33
Gandhinagar,noche,4.58
Gandhinagar,noche,4.88
Gandhinagar,noche,5.22
Gandhinagar,noche,5.63
Gandhinagar,noche,5.97
Gandhinagar,noche,7.92
Gandhinagar,noche,8.37
Gandhinagar,noche,8.42
Gandhinagar,noche,8.43
Gandhinagar,noche,8.41
Gandhinagar,noche,8.5
Gandhinagar,noche,14.8
Gandhinagar,noche,15.75
Gandhinagar,noche,16.48
Gandhinagar,noche,16.79
Gandhinagar,noche,15.42
Gandhinagar,noche,15.13
Gandhinagar,noche,14.96
Gandhinagar,noche,12.84
Gandhinagar,noche,11.3
Gandhinagar,noche,10.52
Gandhinagar,noche,10.25
Gandhinagar,noche,9.96
Gandhinagar,noche,9.73
Gandhinagar,noche,9.29
Gandhinagar,noche,9.53
Gandhinagar,noche,9.93
Gandhinagar,noche,10.52
Gandhinagar,noche,11.75
Gandhinagar,noche,12.22
Gandhinagar,noche,22.27
Gandhinagar,noche,21.26
Gandhinagar,noche,19.9
Gandhinagar,noche,18.07
Gandhinagar,noche,16.74
Gandhinagar,noche,3.47
Gandhinagar,noche,3.78
Gandhinagar,noche,3.83
Gandhinagar,noche,11.57
Gandhinagar,noche,7.44
Gandhinagar,noche,7.56
Gandhinagar,noche,7.49
Gandhinagar,noche,7.27
Gandhinagar,noche,7.09
Gandhinagar,noche,7.27
Gandhinagar,noche,7.15
Gandhinagar,noche,7.22
Gandhinagar,noche,7.09
Gandhinagar,noche,7.14
Gandhinagar,noche,10.61
Gandhinagar,noche,6.94
Gandhinagar,noche,10.51
Gandhinagar,noche,10.45
Gandhinagar,noche,10.45
Gandhinagar,noche,10.49
Gandhinagar,noche,10.57
Gandhinagar,noche,10.63
Gandhinagar,noche,10.7
Gandhinagar,noche,10.76
Gandhinagar,noche,10.82
Gandhinagar,noche,10.86
Gandhinagar,noche,10.89
Gandhinagar,noche,10.9
Gandhinagar,noche,10.88
Gandhinagar,noche,10.84
Gandhinagar,noche,6.45
Gandhinagar,noche,23.66
Gandhinagar,noche,23.69
Gandhinagar,noche,23.71
Gandhinagar,noche,23.78
Gandhinagar,noche,23.86
Gandhinagar,noche,23.85
Gandhinagar,noche,23.91
Gandhinagar,noche,23.97
Gandhinagar,noche,24.03
Gandhinagar,noche,24.11
Gandhinagar,noche,24.14
Gandhinagar,noche,24.19
Gandhinagar,noche,24.24
Gandhinagar,noche,24.22
Gandhinagar,noche,24.26
Gandhinagar,noche,24.26
Gandhinagar,noche,24.34
Gandhinagar,noche,24.39
Gandhinagar,noche,24.38
Gandhinagar,noche,24.33
Gandhinagar,noche,24.28
Gandhinagar,noche,24.35
Gandhinagar,noche,24.29
Gandhinagar,noche,24.26
Gandhinagar,noche,24.26
Gandhinagar,noche,24.22
Gandhinagar,noche,24.15
Gandhinagar,noche,24.12
Gandhinagar,noche,24.07
Gandhinagar,noche,24.05
Gandhinagar,noche,24.02
Gandhinagar,noche,24.0
Gandhinagar,noche,23.97
Gandhinagar,noche,23.91
Gandhinagar,noche,23.88
Gandhinagar,noche,23.87
Gandhinagar,noche,23.8
Gandhinagar,noche,23.75
Gandhinagar,noche,23.71
Gandhinagar,noche,23.6
Gandhinagar,noche,23.59
Gandhinagar,noche,23.43
Gandhinagar,noche,23.35
Gandhinagar,noche,23.26
Gandhinagar,noche,23.13
Gandhinagar,noche,23.0
Gandhinagar,noche,22.9
Gandhinagar,noche,22.82
Gandhinagar,noche,22.72
Gandhinagar,noche,22.64
Gandhinagar,noche,22.57
Gandhinagar,noche,22.57
Gandhinagar,noche,22.46
Gandhinagar,noche,22.29
Gandhinagar,noche,22.15
Gandhinagar,noche,21.82
Gandhinagar,noche,21.55
Gandhinagar,noche,21.4
Gandhinagar,noche,21.22
Gandhinagar,noche,21.06
Gandhinagar,noche,20.9
Gandhinagar,noche,20.78
Gandhinagar,noche,20.69
Gandhinagar,noche,20.61
Gandhinagar,noche,20.46
Gandhinagar,noche,20.22
Gandhinagar,noche,20.03
Gandhinagar,noche,19.89
Gandhinagar,noche,19.76
Gandhinagar,noche,19.65
Gandhinagar,noche,19.67
Gandhinagar,noche,19.59
Gandhinagar,noche,19.48
Gandhinagar,noche,19.34
Gandhinagar,noche,19.24
Gandhinagar,noche,19.17
Gandhinagar,noche,19.07
Gandhinagar,noche,18.96
Gandhinagar,noche,18.88
Gandhinagar,noche,18.62
Gandhinagar,noche,18.54
Gandhinagar,noche,18.33
Gandhinagar,noche,18.17
Gandhinagar,noche,18.07
Gandhinagar,noche,18.1
Gandhinagar,noche,18.0
Gandhinagar,noche,17.98
Gandhinagar,noche,3.73
Gandhinagar,noche,17.86
Gandhinagar,noche,17.68
Gandhinagar,noche,17.52
Gandhinagar,noche,17.57
Gandhinagar,noche,17.69
Gandhinagar,noche,17.81
Gandhinagar,noche,17.85
Gandhinagar,noche,17.84
Gandhinagar,noche,17.79
Gandhinagar,noche,17.76
Gandhinagar,noche,17.95
Gandhinagar,noche,18.03
Gandhinagar,noche,17.91
Gandhinagar,noche,17.85
Gandhinagar,noche,17.81
Gandhinagar,noche,17.87
Gandhinagar,noche,17.94
Gandhinagar,noche,18.02
Gandhinagar,noche,18.03
Gandhinagar,noche,17.96
Gandhinagar,noche,17.88
Gandhinagar,noche,17.98
Gandhinagar,noche,18.05
Gandhinagar,noche,18.05
Gandhinagar,noche,18.02
Gandhinagar,noche,17.97
Gandhinagar,noche,17.85
Gandhinagar,noche,17.62
Gandhinagar,noche,17.53
Gandhinagar,noche,17.3
Gandhinagar,noche,17.09
Gandhinagar,noche,16.94
Gandhinagar,noche,16.91
Gandhinagar,noche,16.73
Gandhinagar,noche,16.68
Gandhinagar,noche,16.63
Gandhinagar,noche,16.51
Gandhinagar,noche,16.38
Gandhinagar,noche,16.21
Gandhinagar,noche,16.08
Gandhinagar,noche,15.93
Gandhinagar,noche,15.88
Gandhinagar,noche,15.78
Gandhinagar,noche,15.62
Gandhinagar,noche,15.43
Gandhinagar,noche,15.11
Gandhinagar,noche,15.01
Gandhinagar,noche,15.06
Gandhinagar,noche,15.02
Gandhinagar,noche,14.79
Gandhinagar,noche,14.62
Gandhinagar,noche,14.48
Gandhinagar,noche,14.41
Gandhinagar,noche,14.34
Gandhinagar,noche,14.36
Gandhinagar,noche,14.28
Gandhinagar,noche,14.9
Gandhinagar,noche,15.57
Gandhinagar,noche,16.19
Gandhinagar,noche,16.78
Gandhinagar,noche,17.28
Gandhinagar,noche,17.89
Gandhinagar,noche,18.43
Gandhinagar,noche,18.99
Gandhinagar,noche,19.57
Gandhinagar,noche,20.15
Gandhinagar,noche,20.54
Gandhinagar,noche,20.91
Gandhinagar,noche,21.29
Gandhinagar,noche,21.64
Gandhinagar,noche,21.97
Gandhinagar,noche,22.27
Gandhinagar,noche,22.55
Gandhinagar,noche,22.83
Gandhinagar,noche,23.09
Gandhinagar,noche,23.32
Gandhinagar,noche,23.54
Gandhinagar,noche,23.74
Gandhinagar,noche,23.92
Gandhinagar,noche,24.1
Gandhinagar,noche,24.28
Gandhinagar,noche,24.43
Gandhinagar,noche,24.57
Gandhinagar,noche,24.69
Gandhinagar,noche,24.8
Gandhinagar,noche,24.89
Gandhinagar,noche,24.96
Gandhinagar,noche,25.01
Gandhinagar,noche,25.03
Gandhinagar,noche,25.03
Gandhinagar,noche,25.0
Gandhinagar,noche,3.85
Gandhinagar,noche,6.37
Gandhinagar,noche,6.65
Gandhinagar,noche,6.94
Gandhinagar,noche,7.17
Gandhinagar,noche,7.4
Gandhinagar,noche,7.61
Gandhinagar,noche,8.06
Gandhinagar,noche,8.18
Gandhinagar,noche,8.52
Gandhinagar,noche,8.83
Gandhinagar,noche,3.87
Gandhinagar,noche,3.65
Gandhinagar,noche,3.55
Gandhinagar,noche,3.44
Gandhinagar,noche,3.39
Gandhinagar,noche,3.3
Gandhinagar,noche,3.28
Gandhinagar,noche,3.3
Gandhinagar,noche,3.31
Gandhinagar,noche,3.35
Gandhinagar,noche,3.36
Gandhinagar,noche,3.37
Gandhinagar,noche,3.37
Gandhinagar,noche,3.37
Gandhinagar,noche,3.32
Gandhinagar,noche,3.27
Gandhinagar,noche,3.22
Gandhinagar,noche,3.17
Gandhinagar,noche,3.13
Gandhinagar,noche,3.1
Gandhinagar,noche,3.07
Gandhinagar,noche,3.04
Gandhinagar,noche,3.01
Gandhinagar,noche,2.99
Gandhinagar,noche,2.96
Gandhinagar,noche,2.94
Gandhinagar,noche,2.94
Gandhinagar,noche,2.94
Gandhinagar,noche,2.93
Gandhinagar,noche,2.94
Gandhinagar,noche,2.93
Gandhinagar,noche,2.93
Gandhinagar,noche,2.93
Gandhinagar,noche,2.92
Gandhinagar,noche,2.93
Gandhinagar,noche,2.93
Gandhinagar,noche,2.93
Gandhinagar,noche,2.94
Gandhinagar,noche,2.93
Gandhinagar,noche,2.94
Gandhinagar,noche,2.94
Gandhinagar,noche,2.95
Gandhinagar,noche,2.96
Gandhinagar,noche,2.98
Gandhinagar,noche,3.01
Gandhinagar,noche,3.03
Gandhinagar,noche,3.06
Gandhinagar,noche,3.09
Gandhinagar,noche,3.11
Gandhinagar,noche,3.11
Gandhinagar,noche,3.16
Gandhinagar,noche,3.2
Gandhinagar,noche,3.24
Gandhinagar,noche,3.31
Gandhinagar,noche,3.41
Gandhinagar,noche,3.49
Gandhinagar,noche,3.56
Gandhinagar,noche,3.61
Gandhinagar,noche,3.74
Gandhinagar,noche,3.85
Gandhinagar,noche,3.92
Gandhinagar,noche,3.97
Gandhinagar,noche,4.07
Gandhinagar,noche,4.25
Gandhinagar,noche,4.35
Gandhinagar,noche,4.53
Gandhinagar,noche,4.6
Gandhinagar,noche,4.71
Gandhinagar,noche,4.9
Gandhinagar,noche,5.02
Gandhinagar,noche,5.16
Gandhinagar,noche,5.14
Gandhinagar,noche,5.25
Gandhinagar,noche,5.27
Gandhinagar,noche,5.33
Gandhinagar,noche,5.27
Gandhinagar,noche,5.32
Gandhinagar,noche,5.31
Gandhinagar,noche,5.25
Gandhinagar,noche,5.26
Gandhinagar,noche,5.45
Gandhinagar,noche,5.57
Gandhinagar,noche,5.65
Gandhinagar,noche,5.64
Gandhinagar,noche,5.7
Gandhinagar,noche,5.7
Gandhinagar,noche,5.69
Gandhinagar,noche,5.7
Gandhinagar,noche,5.72
Gandhinagar,noche,5.73
Gandhinagar,noche,5.8
Gandhinagar,noche,5.8
Gandhinagar,noche,5.76
Gandhinagar,noche,5.81
Gandhinagar,noche,5.89
Gandhinagar,noche,5.91
Gandhinagar,noche,5.98
Gandhinagar,noche,6.02
Gandhinagar,noche,6.04
Gandhinagar,noche,6.08
Gandhinagar,noche,6.17
Gandhinagar,noche,6.14
Gandhinagar,noche,6.19
Gandhinagar,noche,6.17
Gandhinagar,noche,6.23
Gandhinagar,noche,6.22
Gandhinagar,noche,6.23
Gandhinagar,noche,6.21
Gandhinagar,noche,6.18
Gandhinagar,noche,6.17
Gandhinagar,noche,6.1
Gandhinagar,noche,6.0
Gandhinagar,noche,5.92
Gandhinagar,noche,5.82
Gandhinagar,noche,5.76
Gandhinagar,noche,5.64
Gandhinagar,noche,5.55
Gandhinagar,noche,5.44
Gandhinagar,noche,5.37
Gandhinagar,noche,5.24
Gandhinagar,noche,5.17
Gandhinagar,noche,5.04
Gandhinagar,noche,4.94
Gandhinagar,noche,4.8
Gandhinagar,noche,4.67
Gandhinagar,noche,4.52
Gandhinagar,noche,4.39
Gandhinagar,noche,4.26
Gandhinagar,noche,4.17
Gandhinagar,noche,4.12
Gandhinagar,noche,4.04
Gandhinagar,noche,3.99
Gandhinagar,noche,3.85
Gandhinagar,noche,3.71
Gandhinagar,noche,3.59
Gandhinagar,noche,3.46
Gandhinagar,noche,3.36
Gandhinagar,noche,3.27
Gandhinagar,noche,3.17
Gandhinagar,noche,3.03
Gandhinagar,noche,2.9
Gandhinagar,noche,2.6
Gandhinagar,noche,2.37
Gandhinagar,noche,2.16
Gandhinagar,noche,1.96
Gandhinagar,noche,1.71
Gandhinagar,noche,1.48
Gandhinagar,noche,1.27
Gandhinagar,noche,1.07
Gandhinagar,noche,0.88
Gandhinagar,noche,1.0
Gandhinagar,noche,1.21
Gandhinagar,noche,1.3
Gandhinagar,noche,1.36
Gandhinagar,noche,1.41
Gandhinagar,noche,1.45
Gandhinagar,noche,1.41
Gandhinagar,noche,1.34
Gandhinagar,noche,1.17
Gandhinagar,noche,2.85
Gandhinagar,noche,2.99
Gandhinagar,noche,3.31
Gandhinagar,noche,3.66
Gandhinagar,noche,4.07
Gandhinagar,noche,4.61
Gandhinagar,noche,5.14
Gandhinagar,noche,5.54
Gandhinagar,noche,5.91
Gandhinagar,noche,6.14
Gandhinagar,noche,6.41
Gandhinagar,noche,6.69
Gandhinagar,noche,7.06
Gandhinagar,noche,7.42
Gandhinagar,noche,7.67
Gandhinagar,noche,7.91
Gandhinagar,noche,8.11
Gandhinagar,noche,8.83
Gandhinagar,noche,8.89
Gandhinagar,noche,8.92
Gandhinagar,noche,8.71
Gandhinagar,noche,8.59
Gandhinagar,noche,8.49
Gandhinagar,noche,8.45
Gandhinagar,noche,8.56
Gandhinagar,noche,8.65
Gandhinagar,noche,8.78
Gandhinagar,noche,8.77
Gandhinagar,noche,8.66
Gandhinagar,noche,8.48
Gandhinagar,noche,8.31
Gandhinagar,noche,8.19
Gandhinagar,noche,8.12
Gandhinagar,noche,8.08
Gandhinagar,noche,8.2
Gandhinagar,noche,8.48
Gandhinagar,noche,9.06
Gandhinagar,noche,9.75
Gandhinagar,noche,10.39
Gandhinagar,noche,1.12
Gandhinagar,noche,11.02
Gandhinagar,noche,11.28
Gandhinagar,noche,1.14
Gandhinagar,noche,1.16
Gandhinagar,noche,1.47
Gandhinagar,noche,1.73
Gandhinagar,noche,2.01
Gandhinagar,noche,2.28
Gandhinagar,noche,2.59
Gandhinagar,noche,2.92
Gandhinagar,noche,3.2
Gandhinagar,noche,3.34
Gandhinagar,noche,3.38
Gandhinagar,noche,3.48
Gandhinagar,noche,3.42
Gandhinagar,noche,11.61
Gandhinagar,noche,6.2
Gandhinagar,noche,3.05
Gandhinagar,noche,3.03
Gandhinagar,noche,3.0
Gandhinagar,noche,2.98
Gandhinagar,noche,2.97
Gandhinagar,noche,2.94
Gandhinagar,noche,2.95
Gandhinagar,noche,3.74
Gandhinagar,noche,9.18
Gandhinagar,noche,10.75
Gandhinagar,noche,10.36
Gandhinagar,noche,9.87
Gandhinagar,noche,9.36
Gandhinagar,noche,8.67
Gandhinagar,noche,8.07
Gandhinagar,noche,7.52
Gandhinagar,noche,6.7
Gandhinagar,noche,6.32
Gandhinagar,noche,6.51
Gandhinagar,noche,6.22
Gandhinagar,noche,5.79
Gandhinagar,noche,5.3
Gandhinagar,noche,4.76
Gandhinagar,noche,4.69
Gandhinagar,noche,4.69
Gandhinagar,noche,5.04
Gandhinagar,noche,5.39
Gandhinagar,noche,5.69
Gandhinagar,noche,6.23
Gandhinagar,noche,6.59
Gandhinagar,noche,4.15
Gandhinagar,noche,4.39
Gandhinagar,noche,23.67
Gandhinagar,noche,23.73
Gandhinagar,noche,23.81
Gandhinagar,noche,23.84
Gandhinagar,noche,23.88
Gandhinagar,noche,23.92
Gandhinagar,noche,24.0
Gandhinagar,noche,24.01
Gandhinagar,noche,24.12
Gandhinagar,noche,24.25
Gandhinagar,noche,24.44
Gandhinagar,noche,24.52
Gandhinagar,noche,24.71
Gandhinagar,noche,6.7
Gandhinagar,noche,24.92
Gandhinagar,noche,25.07
Gandhinagar,noche,25.23
Gandhinagar,noche,25.54
Gandhinagar,noche,25.68
Gandhinagar,noche,26.0
Gandhinagar,noche,26.31
Gandhinagar,noche,26.62
Gandhinagar,noche,27.18
Gandhinagar,noche,27.67
Gandhinagar,noche,27.83
Gandhinagar,noche,27.98
Gandhinagar,noche,28.13
Gandhinagar,noche,28.06
Gandhinagar,noche,27.91
Gandhinagar,noche,27.69
Gandhinagar,noche,27.4
Gandhinagar,noche,27.01
Gandhinagar,noche,26.4
Gandhinagar,noche,25.96
Gandhinagar,noche,25.55
Gandhinagar,noche,25.17
Gandhinagar,noche,24.86
Gandhinagar,noche,24.64
Gandhinagar,noche,24.47
Gandhinagar,noche,24.41
Gandhinagar,noche,24.38
Gandhinagar,noche,24.42
Gandhinagar,noche,24.48
Gandhinagar,noche,24.53
Gandhinagar,noche,24.65
Gandhinagar,noche,24.79
Gandhinagar,noche,24.88
Gandhinagar,noche,24.93
Gandhinagar,noche,24.91
Gandhinagar,noche,24.9
Gandhinagar,noche,24.85
Gandhinagar,noche,24.77
Gandhinagar,noche,24.75
Gandhinagar,noche,24.72
Gandhinagar,noche,24.7
Gandhinagar,noche,24.7
Gandhinagar,noche,24.68
Gandhinagar,noche,24.75
Gandhinagar,noche,24.77
Gandhinagar,noche,24.75
Gandhinagar,noche,24.74
Gandhinagar,noche,24.77
Gandhinagar,noche,24.67
Gandhinagar,noche,24.58
Gandhinagar,noche,24.43
Gandhinagar,noche,24.29
Gandhinagar,noche,23.94
Gandhinagar,noche,23.67
Gandhinagar,noche,23.39
Gandhinagar,noche,22.8
Gandhinagar,noche,22.64
Gandhinagar,noche,21.89
Gandhinagar,noche,21.54
Gandhinagar,noche,21.09
Gandhinagar,noche,20.46
Gandhinagar,noche,19.82
Gandhinagar,noche,19.37
Gandhinagar,noche,18.53
Gandhinagar,noche,17.77
Gandhinagar,noche,16.19
Gandhinagar,noche,15.76
Gandhinagar,noche,14.78
Gandhinagar,noche,13.77
Gandhinagar,noche,12.26
Gandhinagar,noche,10.3
Gandhinagar,noche,9.9
Gandhinagar,noche,7.99
Gandhinagar,noche,7.67
Gandhinagar,noche,6.05
Gandhinagar,noche,4.49
Gandhinagar,noche,4.85
Gandhinagar,noche,3.49
Gandhinagar,noche,2.13
Gandhinagar,noche,2.04
Gandhinagar,noche,1.51
Gandhinagar,noche,1.39
Gandhinagar,noche,1.28
Gandhinagar,noche,1.61
Gandhinagar,noche,2.45
Gandhinagar,noche,2.82
Gandhinagar,noche,2.87
Gandhinagar,noche,3.77
Gandhinagar,noche,5.38
Gandhinagar,noche,7.15
Gandhinagar,noche,8.55
Gandhinagar,noche,10.06
Gandhinagar,noche,11.68
Gandhinagar,noche,13.61
Gandhinagar,noche,15.32
Gandhinagar,noche,17.03
Gandhinagar,noche,18.88
Gandhinagar,noche,20.42
Gandhinagar,noche,22.04
Gandhinagar,noche,23.37
Gandhinagar,noche,24.47
Gandhinagar,noche,25.36
Gandhinagar,noche,25.48
Gandhinagar,noche,25.33
Gandhinagar,noche,25.42
Gandhinagar,noche,25.3
Gandhinagar,noche,24.97
Gandhinagar,noche,24.94
Gandhinagar,noche,24.92
Gandhinagar,noche,24.89
Gandhinagar,noche,24.73
Gandhinagar,noche,24.68
Gandhinagar,noche,24.51
Gandhinagar,noche,24.31
Gandhinagar,noche,24.03
Gandhinagar,noche,23.76
Gandhinagar,noche,23.55
Gandhinagar,noche,23.3
Gandhinagar,noche,23.0
Gandhinagar,noche,22.63
Gandhinagar,noche,22.42
Gandhinagar,noche,22.22
Gandhinagar,noche,21.86
Gandhinagar,noche,21.44
Gandhinagar,noche,21.05
Gandhinagar,noche,20.83
Gandhinagar,noche,20.65
Gandhinagar,noche,20.34
Gandhinagar,noche,19.98
Gandhinagar,noche,19.95
Gandhinagar,noche,19.56
Gandhinagar,noche,19.18
Gandhinagar,noche,19.15
Gandhinagar,noche,18.81
Gandhinagar,noche,18.58
Gandhinagar,noche,18.54
Gandhinagar,noche,18.13
Gandhinagar,noche,17.98
Gandhinagar,noche,17.85
Gandhinagar,noche,17.64
Gandhinagar,noche,17.34
Gandhinagar,noche,17.12
Gandhinagar,noche,16.92
Gandhinagar,noche,16.69
Gandhinagar,noche,16.51
Gandhinagar,noche,16.34
Gandhinagar,noche,16.19
Gandhinagar,noche,16.04
Gandhinagar,noche,15.87
Gandhinagar,noche,15.71
Gandhinagar,noche,15.54
Gandhinagar,noche,15.39
Gandhinagar,noche,15.24
Gandhinagar,noche,15.12
Gandhinagar,noche,15.05
Gandhinagar,noche,14.91
Gandhinagar,noche,14.89
Gandhinagar,noche,14.89
Gandhinagar,noche,14.89
Gandhinagar,noche,14.97
Gandhinagar,noche,15.07
Gandhinagar,noche,15.29
Gandhinagar,noche,15.4
Gandhinagar,noche,15.39
Gandhinagar,noche,15.42
Gandhinagar,noche,15.5
Gandhinagar,noche,15.61
Gandhinagar,noche,15.75
Gandhinagar,noche,15.93
Gandhinagar,noche,16.13
Gandhinagar,noche,16.34
Gandhinagar,noche,16.56
Gandhinagar,noche,16.78
Gandhinagar,noche,17.03
Gandhinagar,noche,17.3
Gandhinagar,noche,17.59
Gandhinagar,noche,17.89
Gandhinagar,noche,18.2
Gandhinagar,noche,18.2
Gandhinagar,noche,18.23
Gandhinagar,noche,18.29
Gandhinagar,noche,18.15
Gandhinagar,noche,18.14
Gandhinagar,noche,18.19
Gandhinagar,noche,18.14
Gandhinagar,noche,18.09
Gandhinagar,noche,18.28
Gandhinagar,noche,18.3
Gandhinagar,noche,18.17
Gandhinagar,noche,18.16
Gandhinagar,noche,18.13
Gandhinagar,noche,18.09
Gandhinagar,noche,18.05
Gandhinagar,noche,18.03
Gandhinagar,noche,17.97
Gandhinagar,noche,18.18
Gandhinagar,noche,18.14
Gandhinagar,noche,18.1
Gandhinagar,noche,20.61
Gandhinagar,noche,20.66
Gandhinagar,noche,20.69
Gandhinagar,noche,20.7
Gandhinagar,noche,20.69
Gandhinagar,noche,20.67
Gandhinagar,noche,20.64
Gandhinagar,noche,20.59
Gandhinagar,noche,20.53
Gandhinagar,noche,20.45
Gandhinagar,noche,20.16
Gandhinagar,noche,20.02
Gandhinagar,noche,19.89
Gandhinagar,noche,19.74
Gandhinagar,noche,19.83
Gandhinagar,noche,19.77
Gandhinagar,noche,19.8
Gandhinagar,noche,1.68
Gandhinagar,noche,19.74
Gandhinagar,noche,19.63
Gandhinagar,noche,19.63
Gandhinagar,noche,19.56
Gandhinagar,noche,19.49
Gandhinagar,noche,19.54
Gandhinagar,noche,19.43
Gandhinagar,noche,19.36
Gandhinagar,noche,19.37
Gandhinagar,noche,19.23
Gandhinagar,noche,19.29
Gandhinagar,noche,19.15
Gandhinagar,noche,19.17
Gandhinagar,noche,18.97
Gandhinagar,noche,18.98
Gandhinagar,noche,18.81
Gandhinagar,noche,18.79
Gandhinagar,noche,18.66
Gandhinagar,noche,18.62
Gandhinagar,noche,18.54
Gandhinagar,noche,18.37
Gandhinagar,noche,18.32
Gandhinagar,noche,0.29
Gandhinagar,noche,0.29
Gandhinagar,noche,0.28
Gandhinagar,noche,0.27
Gandhinagar,noche,0.26
Gandhinagar,noche,0.25
Gandhinagar,noche,0.24
Gandhinagar,noche,0.23
Gandhinagar,noche,0.23
Gandhinagar,noche,0.23
Gandhinagar,noche,0.24
Gandhinagar,noche,0.26
Gandhinagar,noche,0.28
Gandhinagar,noche,0.3
Gandhinagar,noche,0.32
Gandhinagar,noche,0.35
Gandhinagar,noche,0.37
Gandhinagar,noche,0.39
Gandhinagar,noche,0.47
Gandhinagar,noche,0.55
Gandhinagar,noche,0.62
Gandhinagar,noche,0.69
Gandhinagar,noche,0.76
Gandhinagar,noche,0.81
Gandhinagar,noche,0.83
Gandhinagar,noche,0.86
Gandhinagar,noche,0.86
Gandhinagar,noche,0.87
Gandhinagar,noche,0.86
Gandhinagar,noche,0.84
Gandhinagar,noche,0.84
Gandhinagar,noche,0.84
Gandhinagar,noche,0.89
Gandhinagar,noche,0.93
Gandhinagar,noche,0.98
Gandhinagar,noche,1.01
Gandhinagar,noche,1.05
Gandhinagar,noche,1.11
Gandhinagar,noche,1.16
Gandhinagar,noche,1.2
Gandhinagar,noche,1.25
Gandhinagar,noche,1.3
Gandhinagar,noche,1.33
Gandhinagar,noche,1.38
Gandhinagar,noche,1.41
Gandhinagar,noche,1.44
Gandhinagar,noche,1.47
Gandhinagar,noche,1.59
Gandhinagar,noche,1.64
Gandhinagar,noche,1.63
Gandhinagar,noche,3.23
Gandhinagar,noche,3.08
Gandhinagar,noche,2.97
Gandhinagar,noche,2.82
Gandhinagar,noche,2.69
Gandhinagar,noche,2.62
Gandhinagar,noche,2.62
Gandhinagar,noche,2.62
Gandhinagar,noche,2.64
Gandhinagar,noche,2.66
Gandhinagar,noche,2.69
Gandhinagar,noche,2.71
Gandhinagar,noche,2.74
Gandhinagar,noche,2.77
Gandhinagar,noche,2.79
Gandhinagar,noche,2.78
Gandhinagar,noche,2.8
Gandhinagar,noche,2.78
Gandhinagar,noche,2.79
Gandhinagar,noche,2.8
Gandhinagar,noche,2.79
Gandhinagar,noche,2.79
Gandhinagar,noche,2.78
Gandhinagar,noche,2.78
Gandhinagar,noche,2.78
Gandhinagar,noche,2.78
Gandhinagar,noche,2.78
Gandhinagar,noche,2.78
Gandhinagar,noche,2.78
Gandhinagar,noche,2.78
Gandhinagar,noche,2.79
Gandhinagar,noche,2.78
Gandhinagar,noche,2.78
Gandhinagar,noche,2.78
Gandhinagar,noche,2.77
Gandhinagar,noche,2.77
Gandhinagar,noche,2.76
Gandhinagar,noche,2.74
Gandhinagar,noche,2.73
Gandhinagar,noche,2.71
Gandhinagar,noche,2.7
Gandhinagar,noche,2.68
Gandhinagar,noche,2.65
Gandhinagar,noche,2.64
Gandhinagar,noche,2.62
Gandhinagar,noche,2.6
Gandhinagar,noche,2.58
Gandhinagar,noche,2.56
Gandhinagar,noche,2.51
Gandhinagar,noche,2.47
Gandhinagar,noche,2.43
Gandhinagar,noche,2.4
Gandhinagar,noche,2.36
Gandhinagar,noche,2.34
Gandhinagar,noche,2.32
Gandhinagar,noche,2.3
Gandhinagar,noche,2.28
Gandhinagar,noche,2.26
Gandhinagar,noche,2.25
Gandhinagar,noche,2.23
Gandhinagar,noche,2.22
Gandhinagar,noche,2.2
Gandhinagar,noche,2.21
Gandhinagar,noche,2.23
Gandhinagar,noche,2.25
Gandhinagar,noche,2.27
Gandhinagar,noche,2.28
Gandhinagar,noche,2.3
Gandhinagar,noche,2.32
Gandhinagar,noche,2.34
Gandhinagar,noche,2.36
Gandhinagar,noche,2.38
Gandhinagar,noche,2.4
Gandhinagar,noche,2.41
Gandhinagar,noche,2.42
Gandhinagar,noche,2.42
Gandhinagar,noche,2.42
Gandhinagar,noche,2.42
Gandhinagar,noche,2.41
Gandhinagar,noche,2.4
Gandhinagar,noche,2.39
Gandhinagar,noche,2.38
Gandhinagar,noche,2.37
Gandhinagar,noche,2.36
Gandhinagar,noche,2.35
Gandhinagar,noche,2.34
Gandhinagar,noche,2.34
Gandhinagar,noche,2.33
Gandhinagar,noche,2.32
Gandhinagar,noche,2.32
Gandhinagar,noche,2.32
Gandhinagar,noche,2.31
Gandhinagar,noche,2.31
Gandhinagar,noche,2.3
Gandhinagar,noche,2.3
Gandhinagar,noche,2.29
Gandhinagar,noche,2.29
Gandhinagar,noche,2.29
Gandhinagar,noche,2.31
Gandhinagar,noche,2.32
Gandhinagar,noche,2.33
Gandhinagar,noche,7.99
Gandhinagar,noche,8.21
Gandhinagar,noche,8.67
Gandhinagar,noche,3.19
Gandhinagar,noche,7.44
Gandhinagar,noche,7.69
Gandhinagar,noche,3.85
Gandhinagar,noche,4.47
Gandhinagar,noche,2.56
Gandhinagar,noche,2.2
Gandhinagar,noche,6.66
Gandhinagar,noche,6.9
Gandhinagar,noche,6.48
Gandhinagar,noche,9.25
Gandhinagar,noche,9.33
Gandhinagar,noche,9.37
Gandhinagar,noche,9.32
Gandhinagar,noche,9.14
Gandhinagar,noche,8.85
Gandhinagar,noche,8.37
Gandhinagar,noche,7.96
Gandhinagar,noche,7.07
Gandhinagar,noche,7.15
Gandhinagar,noche,6.48
Gandhinagar,noche,7.01
Gandhinagar,noche,7.27
Gandhinagar,noche,7.3
Gandhinagar,noche,5.11
Gandhinagar,noche,4.97
Gandhinagar,noche,4.94
Gandhinagar,noche,4.91
Gandhinagar,noche,4.82
Gandhinagar,noche,4.78
Gandhinagar,noche,4.83
Gandhinagar,noche,4.73
Gandhinagar,noche,4.64
Gandhinagar,noche,4.53
Gandhinagar,noche,4.41
Gandhinagar,noche,4.25
Gandhinagar,noche,4.07
Gandhinagar,noche,3.89
Gandhinagar,noche,3.73
Gandhinagar,noche,3.6
Gandhinagar,noche,3.49
Gandhinagar,noche,3.37
Gandhinagar,noche,3.31
Gandhinagar,noche,3.35
Gandhinagar,noche,3.48
Gandhinagar,noche,3.64
Gandhinagar,noche,3.77
Gandhinagar,noche,3.92
Gandhinagar,noche,4.04
Gandhinagar,noche,4.12
Gandhinagar,noche,3.53
Gandhinagar,noche,3.59
Gandhinagar,noche,3.66
Gandhinagar,noche,3.57
Gandhinagar,noche,0.71
Gandhinagar,noche,0.71
Gandhinagar,noche,0.82
Gandhinagar,noche,1.02
Gandhinagar,noche,1.21
Gandhinagar,noche,1.41
Gandhinagar,noche,1.59
Gandhinagar,noche,1.7
Gandhinagar,noche,10.65
Gandhinagar,noche,10.37
Gandhinagar,noche,9.8
Gandhinagar,noche,10.18
Gandhinagar,noche,10.55
Gandhinagar,noche,10.24
Gandhinagar,noche,10.38
Gandhinagar,noche,9.14
Gandhinagar,noche,8.61
Gandhinagar,noche,8.05
Gandhinagar,noche,7.56
Gandhinagar,noche,7.02
Gandhinagar,noche,6.48
Gandhinagar,noche,6.42
Gandhinagar,noche,6.37
Gandhinagar,noche,6.45
Gandhinagar,noche,6.94
Gandhinagar,noche,7.56
Gandhinagar,noche,8.07
Gandhinagar,noche,8.52
Gandhinagar,noche,9.12
Gandhinagar,noche,10.52
Gandhinagar,noche,10.32
Gandhinagar,noche,6.78
Gandhinagar,noche,6.64
Gandhinagar,noche,0.99
Gandhinagar,noche,11.2
Gandhinagar,noche,3.44
Gandhinagar,noche,3.64
Gandhinagar,noche,3.86
Gandhinagar,noche,4.05
Gandhinagar,noche,4.24
Gandhinagar,noche,4.45
Gandhinagar,noche,6.58
Gandhinagar,noche,3.0
Gandhinagar,noche,2.63
Gandhinagar,noche,2.48
Gandhinagar,noche,2.35
Gandhinagar,noche,15.95
Gandhinagar,noche,12.04
Gandhinagar,noche,11.99
Gandhinagar,noche,9.44
Gandhinagar,noche,9.95
Gandhinagar,noche,3.78
Gandhinagar,noche,3.69
Gandhinagar,noche,3.54
Gandhinagar,noche,3.48
Gandhinagar,noche,3.45
Gandhinagar,noche,3.38
Gandhinagar,noche,3.33
Gandhinagar,noche,3.23
Gandhinagar,noche,3.16
Gandhinagar,noche,3.04
Gandhinagar,noche,2.95
Gandhinagar,noche,2.87
Gandhinagar,noche,2.81
Gandhinagar,noche,2.68
Gandhinagar,noche,2.55
Gandhinagar,noche,2.42
Gandhinagar,noche,2.3
Gandhinagar,noche,2.19
Gandhinagar,noche,2.09
Gandhinagar,noche,2.02
Gandhinagar,noche,1.94
Gandhinagar,noche,1.76
Gandhinagar,noche,1.59
Gandhinagar,noche,1.68
Gandhinagar,noche,8.18
Gandhinagar,noche,8.06
Gandhinagar,noche,7.93
Gandhinagar,noche,7.81
Gandhinagar,noche,7.69
Gandhinagar,noche,7.54
Gandhinagar,noche,7.36
Gandhinagar,noche,7.21
Gandhinagar,noche,6.95
Gandhinagar,noche,6.7
Gandhinagar,noche,6.32
Gandhinagar,noche,5.89
Gandhinagar,noche,5.72
Gandhinagar,noche,5.44
Gandhinagar,noche,5.22
Gandhinagar,noche,5.04
Gandhinagar,noche,4.8
Gandhinagar,noche,4.52
Gandhinagar,noche,4.4
Gandhinagar,noche,4.37
Gandhinagar,noche,4.7
Gandhinagar,noche,4.85
Gandhinagar,noche,4.8
Gandhinagar,noche,4.92
Gandhinagar,noche,5.04
Gandhinagar,noche,5.07
Gandhinagar,noche,5.23
Gandhinagar,noche,5.39
Gandhinagar,noche,5.47
Gandhinagar,noche,5.37
Gandhinagar,noche,5.36
Gandhinagar,noche,5.06
Gandhinagar,noche,5.42
Gandhinagar,noche,6.19
Gandhinagar,noche,6.31
Gandhinagar,noche,6.98
Gandhinagar,noche,8.19
Gandhinagar,noche,8.41
Gandhinagar,noche,8.95
Gandhinagar,noche,9.75
Gandhinagar,noche,9.85
Gandhinagar,noche,9.86
Gandhinagar,noche,10.49
Gandhinagar,noche,10.92
Gandhinagar,noche,11.3
Gandhinagar,noche,11.65
Gandhinagar,noche,11.57
Gandhinagar,noche,11.47
Gandhinagar,noche,12.22
Gandhinagar,noche,12.53
Gandhinagar,noche,12.54
Gandhinagar,noche,11.88
Gandhinagar,noche,12.6
Gandhinagar,noche,11.53
Gandhinagar,noche,11.65
Gandhinagar,noche,10.73
Gandhinagar,noche,10.44
Gandhinagar,noche,9.46
Gandhinagar,noche,9.23
Gandhinagar,noche,8.84
Gandhinagar,noche,7.92
Gandhinagar,noche,7.59
Gandhinagar,noche,7.37
Gandhinagar,noche,6.51
Gandhinagar,noche,5.73
Gandhinagar,noche,4.85
Gandhinagar,noche,4.28
Gandhinagar,noche,3.75
Gandhinagar,noche,3.66
Gandhinagar,noche,3.51
Gandhinagar,noche,3.34
Gandhinagar,noche,3.31
Gandhinagar,noche,3.07
Gandhinagar,noche,2.91
Gandhinagar,noche,2.79
Gandhinagar,noche,2.52
Gandhinagar,noche,2.42
Gandhinagar,noche,2.21
Gandhinagar,noche,2.02
Gandhinagar,noche,1.95
Gandhinagar,noche,1.75
Gandhinagar,noche,1.66
Gandhinagar,noche,1.62
Gandhinagar,noche,1.57
Gandhinagar,noche,1.48
Gandhinagar,noche,1.4
Gandhinagar,noche,1.42
Gandhinagar,noche,1.46
Gandhinagar,noche,1.49
Gandhinagar,noche,1.53
Gandhinagar,noche,1.58
Gandhinagar,noche,1.63
Gandhinagar,noche,1.67
Gandhinagar,noche,1.73
Gandhinagar,noche,1.78
Gandhinagar,noche,1.83
Gandhinagar,noche,1.88
Gandhinagar,noche,1.93
Gandhinagar,noche,1.99
Gandhinagar,noche,2.06
Gandhinagar,noche,2.16
Gandhinagar,noche,2.24
Gandhinagar,noche,2.33
Gandhinagar,noche,2.41
Gandhinagar,noche,2.51
Gandhinagar,noche,2.63
Gandhinagar,noche,2.74
Gandhinagar,noche,2.84
Gandhinagar,noche,2.98
Gandhinagar,noche,3.11
Gandhinagar,noche,3.23
Gandhinagar,noche,3.38
Gandhinagar,noche,3.58
Gandhinagar,noche,3.77
Gandhinagar,noche,3.9
Gandhinagar,noche,4.02
Gandhinagar,noche,4.17
Gandhinagar,noche,5.18
Gandhinagar,noche,8.15
Gandhinagar,noche,1.66
Gandhinagar,noche,1.65
Gandhinagar,noche,1.63
Gandhinagar,noche,1.42
Gandhinagar,noche,1.29
Gandhinagar,noche,1.18
Gandhinagar,noche,1.09
Gandhinagar,noche,1.02
Gandhinagar,noche,0.5
Gandhinagar,noche,0.53
Gandhinagar,noche,0.57
Gandhinagar,noche,0.58
Gandhinagar,noche,0.69
Gandhinagar,noche,0.74
Gandhinagar,noche,0.83
Gandhinagar,noche,0.92
Gandhinagar,noche,0.95
Gandhinagar,noche,0.96
Gandhinagar,noche,0.98
Gandhinagar,noche,1.1
Gandhinagar,noche,1.18
Gandhinagar,noche,1.25
Gandhinagar,noche,1.32
Gandhinagar,noche,1.36
Gandhinagar,noche,1.39
Gandhinagar,noche,1.48
Gandhinagar,noche,1.52
Gandhinagar,noche,1.57
Gandhinagar,noche,1.6
Gandhinagar,noche,1.61
Gandhinagar,noche,1.62
Gandhinagar,noche,1.64
Gandhinagar,noche,1.66
Gandhinagar,noche,1.66
Gandhinagar,noche,1.67
Gandhinagar,noche,1.64
Gandhinagar,noche,1.62
Gandhinagar,noche,1.61
Gandhinagar,noche,1.61
Gandhinagar,noche,1.64
Gandhinagar,noche,1.68
Gandhinagar,noche,1.74
Gandhinagar,noche,1.8
Gandhinagar,noche,1.87
Gandhinagar,noche,1.95
Gandhinagar,noche,2.04
Gandhinagar,noche,2.12
Gandhinagar,noche,2.21
Gandhinagar,noche,2.29
Gandhinagar,noche,2.37
Gandhinagar,noche,2.43
Gandhinagar,noche,2.47
Gandhinagar,noche,2.5
Gandhinagar,noche,2.51
Gandhinagar,noche,2.51
Gandhinagar,noche,2.5
Gandhinagar,noche,2.48
Gandhinagar,noche,2.45
Gandhinagar,noche,2.41
Gandhinagar,noche,2.36
Gandhinagar,noche,2.32
Gandhinagar,noche,2.28
Gandhinagar,noche,2.22
Gandhinagar,noche,2.16
Gandhinagar,noche,2.1
Gandhinagar,noche,2.06
Gandhinagar,noche,1.99
Gandhinagar,noche,1.96
Gandhinagar,noche,1.94
Gandhinagar,noche,1.92
Gandhinagar,noche,1.9
Gandhinagar,noche,1.86
Gandhinagar,noche,1.83
Gandhinagar,noche,1.8
Gandhinagar,noche,1.76
Gandhinagar,noche,1.72
Gandhinagar,noche,1.68
Gandhinagar,noche,1.64
Gandhinagar,noche,1.6
Gandhinagar,noche,1.57
Gandhinagar,noche,1.53
Gandhinagar,noche,1.5
Gandhinagar,noche,1.47
Gandhinagar,noche,1.45
Gandhinagar,noche,1.43
Gandhinagar,noche,1.41
Gandhinagar,noche,1.4
Gandhinagar,noche,1.39
Gandhinagar,noche,1.38
Gandhinagar,noche,1.38
Gandhinagar,noche,1.39
Gandhinagar,noche,1.4
Gandhinagar,noche,1.41
Gandhinagar,noche,1.43
Gandhinagar,noche,1.45
Gandhinagar,noche,1.47
Gandhinagar,noche,1.49
Gandhinagar,noche,1.51
Gandhinagar,noche,1.53
Gandhinagar,noche,1.57
Gandhinagar,noche,1.6
Gandhinagar,noche,1.63
Gandhinagar,noche,1.67
Gandhinagar,noche,1.71
Gandhinagar,noche,1.74
Gandhinagar,noche,1.77
Gandhinagar,noche,1.81
Gandhinagar,noche,1.84
Gandhinagar,noche,1.88
Gandhinagar,noche,1.92
Gandhinagar,noche,1.96
Gandhinagar,noche,1.99
Gandhinagar,noche,2.02
Gandhinagar,noche,2.06
Gandhinagar,noche,2.09
Gandhinagar,noche,2.12
Gandhinagar,noche,2.15
Gandhinagar,noche,2.18
Gandhinagar,noche,2.21
Gandhinagar,noche,2.25
Gandhinagar,noche,2.28
Gandhinagar,noche,2.3
Gandhinagar,noche,2.33
Gandhinagar,noche,2.35
Gandhinagar,noche,2.39
Gandhinagar,noche,2.42
Gandhinagar,noche,2.44
Gandhinagar,noche,2.47
Gandhinagar,noche,2.5
Gandhinagar,noche,2.51
Gandhinagar,noche,2.52
Gandhinagar,noche,2.52
Gandhinagar,noche,2.51
Gandhinagar,noche,2.5
Gandhinagar,noche,2.49
Gandhinagar,noche,2.43
Gandhinagar,noche,2.32
Gandhinagar,noche,2.2
Gandhinagar,noche,2.08
Gandhinagar,noche,1.89
Gandhinagar,noche,1.72
Gandhinagar,noche,1.56
Gandhinagar,noche,1.37
Gandhinagar,noche,1.2
Gandhinagar,noche,1.06
Gandhinagar,noche,0.97
Gandhinagar,noche,0.79
Gandhinagar,noche,0.74
Gandhinagar,noche,0.75
Gandhinagar,noche,0.63
Gandhinagar,noche,0.59
Gandhinagar,noche,0.69
Gandhinagar,noche,0.62
Gandhinagar,noche,0.64
Gandhinagar,noche,0.78
Gandhinagar,noche,0.85
Gandhinagar,noche,0.92
Gandhinagar,noche,0.93
Gandhinagar,noche,1.06
Gandhinagar,noche,1.1
Gandhinagar,noche,1.16
Gandhinagar,noche,1.24
Gandhinagar,noche,1.3
Gandhinagar,noche,1.34
Gandhinagar,noche,1.4
Gandhinagar,noche,1.39
Gandhinagar,noche,1.31
Gandhinagar,noche,1.27
Gandhinagar,noche,1.2
Gandhinagar,noche,1.12
Gandhinagar,noche,1.06
Gandhinagar,noche,1.01
Gandhinagar,noche,0.97
Gandhinagar,noche,0.96
Gandhinagar,noche,0.98
Gandhinagar,noche,1.0
Gandhinagar,noche,1.02
Gandhinagar,noche,1.05
Gandhinagar,noche,1.08
Gandhinagar,noche,1.11
Gandhinagar,noche,1.16
Gandhinagar,noche,1.19
Gandhinagar,noche,1.24
Gandhinagar,noche,1.29
Gandhinagar,noche,1.33
Gandhinagar,noche,1.37
Gandhinagar,noche,1.41
Gandhinagar,noche,1.44
Gandhinagar,noche,1.47
Gandhinagar,noche,1.5
Gandhinagar,noche,1.53
Gandhinagar,noche,1.56
Gandhinagar,noche,1.59
Gandhinagar,noche,1.61
Gandhinagar,noche,1.64
Gandhinagar,noche,1.66
Gandhinagar,noche,1.66
Gandhinagar,noche,1.67
Gandhinagar,noche,1.67
Gandhinagar,noche,1.68
Gandhinagar,noche,1.68
Gandhinagar,noche,1.69
Gandhinagar,noche,1.71
Gandhinagar,noche,1.73
Gandhinagar,noche,1.73
Gandhinagar,noche,1.76
Gandhinagar,noche,1.76
Gandhinagar,noche,1.78
Gandhinagar,noche,1.79
Gandhinagar,noche,1.8
Gandhinagar,noche,1.81
Gandhinagar,noche,1.81
Gandhinagar,noche,1.82
Gandhinagar,noche,1.81
Gandhinagar,noche,1.8
Gandhinagar,noche,1.79
Gandhinagar,noche,1.78
Gandhinagar,noche,1.77
Gandhinagar,noche,1.77
Gandhinagar,noche,1.77
Gandhinagar,noche,1.75
Gandhinagar,noche,1.71
Gandhinagar,noche,1.66
Gandhinagar,noche,1.63
Gandhinagar,noche,1.61
Gandhinagar,noche,1.59
Gandhinagar,noche,1.57
Gandhinagar,noche,1.54
Gandhinagar,noche,1.52
Gandhinagar,noche,1.5
Gandhinagar,noche,1.49
Gandhinagar,noche,1.47
Gandhinagar,noche,1.46
Gandhinagar,noche,1.46
Gandhinagar,noche,1.46
Gandhinagar,noche,1.46
Gandhinagar,noche,1.46
Gandhinagar,noche,1.47
Gandhinagar,noche,1.48
Gandhinagar,noche,1.5
Gandhinagar,noche,1.52
Gandhinagar,noche,1.58
Gandhinagar,noche,1.61
Gandhinagar,noche,1.65
Gandhinagar,noche,1.68
Gandhinagar,noche,1.73
Gandhinagar,noche,1.77
Gandhinagar,noche,1.81
Gandhinagar,noche,1.85
Gandhinagar,noche,1.89
Gandhinagar,noche,1.91
Gandhinagar,noche,1.92
Gandhinagar,noche,1.92
Gandhinagar,noche,1.93
Gandhinagar,noche,1.93
Gandhinagar,noche,1.93
Gandhinagar,noche,1.93
Gandhinagar,noche,1.93
Gandhinagar,noche,1.93
Gandhinagar,noche,1.89
Gandhinagar,noche,1.86
Gandhinagar,noche,1.82
Gandhinagar,noche,10.23
Gandhinagar,noche,8.49
Gandhinagar,noche,7.1
Gandhinagar,noche,6.51
Gandhinagar,noche,3.36
Gandhinagar,noche,3.42
Gandhinagar,noche,3.5
Gandhinagar,noche,3.56
Gandhinagar,noche,3.62
Gandhinagar,noche,3.68
Gandhinagar,noche,3.81
Gandhinagar,noche,3.89
Gandhinagar,noche,4.0
Gandhinagar,noche,4.13
Gandhinagar,noche,4.31
Gandhinagar,noche,4.44
Gandhinagar,noche,4.56
Gandhinagar,noche,4.79
Gandhinagar,noche,5.0
Gandhinagar,noche,5.13
Gandhinagar,noche,5.18
Gandhinagar,noche,5.21
Gandhinagar,noche,5.18
Gandhinagar,noche,5.23
Gandhinagar,noche,5.13
Gandhinagar,noche,3.17
Gandhinagar,noche,3.07
Gandhinagar,noche,2.98
Gandhinagar,noche,1.89
Gandhinagar,noche,1.98
Gandhinagar,noche,2.06
Gandhinagar,noche,2.12
Gandhinagar,noche,2.19
Gandhinagar,noche,2.28
Gandhinagar,noche,2.38
Gandhinagar,noche,2.37
Gandhinagar,noche,2.37
Gandhinagar,noche,2.39
Gandhinagar,noche,2.41
Gandhinagar,noche,2.42
Gandhinagar,noche,2.43
Gandhinagar,noche,2.44
Gandhinagar,noche,2.44
Gandhinagar,noche,2.45
Gandhinagar,noche,2.46
Gandhinagar,noche,2.47
Gandhinagar,noche,2.48
Gandhinagar,noche,2.49
Gandhinagar,noche,2.49
Gandhinagar,noche,2.5
Gandhinagar,noche,2.49
Gandhinagar,noche,2.48
Gandhinagar,noche,2.47
Gandhinagar,noche,2.46
Gandhinagar,noche,2.45
Gandhinagar,noche,2.45
Gandhinagar,noche,2.44
Gandhinagar,noche,2.43
Gandhinagar,noche,2.43
Gandhinagar,noche,2.42
Gandhinagar,noche,2.4
Gandhinagar,noche,2.39
Gandhinagar,noche,2.37
Gandhinagar,noche,2.36
Gandhinagar,noche,2.36
Gandhinagar,noche,2.37
Gandhinagar,noche,2.3
Gandhinagar,noche,2.23
Gandhinagar,noche,2.17
Gandhinagar,noche,2.12
Gandhinagar,noche,2.07
Gandhinagar,noche,2.02
Gandhinagar,noche,1.96
Gandhinagar,noche,1.91
Gandhinagar,noche,1.9
Gandhinagar,noche,1.92
Gandhinagar,noche,1.93
Gandhinagar,noche,1.93
Gandhinagar,noche,1.9
Gandhinagar,noche,1.85
Gandhinagar,noche,1.82
Gandhinagar,noche,1.73
Gandhinagar,noche,1.65
Gandhinagar,noche,1.55
Gandhinagar,noche,6.64
Gandhinagar,noche,6.84
Gandhinagar,noche,5.86
Gandhinagar,noche,9.15
Gandhinagar,noche,8.88
Gandhinagar,noche,8.38
Gandhinagar,noche,1.41
Gandhinagar,noche,7.72
Gandhinagar,noche,7.83
Gandhinagar,noche,7.91
Gandhinagar,noche,8.01
Gandhinagar,noche,7.82
Gandhinagar,noche,7.57
Gandhinagar,noche,7.21
Gandhinagar,noche,6.94
Gandhinagar,noche,6.58
Gandhinagar,noche,6.31
Gandhinagar,noche,5.93
Gandhinagar,noche,5.7
Gandhinagar,noche,5.35
Gandhinagar,noche,5.04
Gandhinagar,noche,4.75
Gandhinagar,noche,4.4
Gandhinagar,noche,4.43
Gandhinagar,noche,4.47
Gandhinagar,noche,4.57
Gandhinagar,noche,4.79
Gandhinagar,noche,4.91
Gandhinagar,noche,4.89
Gandhinagar,noche,5.16
Gandhinagar,noche,5.12
Gandhinagar,noche,5.29
Gandhinagar,noche,5.46
Gandhinagar,noche,5.5
Gandhinagar,noche,5.62
Gandhinagar,noche,5.63
Gandhinagar,noche,5.56
Gandhinagar,noche,5.5
Gandhinagar,noche,5.28
Gandhinagar,noche,4.93
Gandhinagar,noche,4.75
Gandhinagar,noche,4.9
Gandhinagar,noche,5.1
Gandhinagar,noche,5.29
Gandhinagar,noche,5.49
Gandhinagar,noche,5.78
Gandhinagar,noche,6.05
Gandhinagar,noche,6.32
Gandhinagar,noche,6.6
Gandhinagar,noche,6.91
Gandhinagar,noche,11.99
Gandhinagar,noche,11.98
Gandhinagar,noche,12.15
Gandhinagar,noche,11.71
Gandhinagar,noche,1.52
Gandhinagar,noche,1.5
Gandhinagar,noche,1.66
Gandhinagar,noche,1.73
Gandhinagar,noche,1.37
Gandhinagar,noche,1.28
Gandhinagar,noche,1.23
Gandhinagar,noche,1.22
Gandhinagar,noche,1.2
Gandhinagar,noche,1.19
Gandhinagar,noche,1.23
Gandhinagar,noche,1.33
Gandhinagar,noche,1.51
Gandhinagar,noche,1.74
Gandhinagar,noche,2.0
Gandhinagar,noche,2.24
Gandhinagar,noche,2.44
Gandhinagar,noche,2.72
Gandhinagar,noche,3.02
Gandhinagar,noche,3.23
Gandhinagar,noche,3.4
Gandhinagar,noche,3.57
Gandhinagar,noche,3.74
Gandhinagar,noche,3.93
Gandhinagar,noche,4.09
Gandhinagar,noche,4.24
Gandhinagar,noche,4.37
Gandhinagar,noche,4.5
Gandhinagar,noche,4.6
Gandhinagar,noche,4.71
Gandhinagar,noche,4.83
Gandhinagar,noche,4.94
Gandhinagar,noche,4.99
Gandhinagar,noche,5.08
Gandhinagar,noche,5.15
Gandhinagar,noche,5.28
Gandhinagar,noche,6.15
Gandhinagar,noche,6.25
Gandhinagar,noche,6.28
Gandhinagar,noche,6.28
Gandhinagar,noche,6.29
Gandhinagar,noche,6.27
Gandhinagar,noche,6.23
Gandhinagar,noche,6.13
Gandhinagar,noche,6.06
Gandhinagar,noche,5.99
Gandhinagar,noche,6.06
Gandhinagar,noche,6.08
Gandhinagar,noche,5.96
Gandhinagar,noche,5.8
Gandhinagar,noche,5.78
Gandhinagar,noche,5.68
Gandhinagar,noche,5.55
Gandhinagar,noche,5.46
Gandhinagar,noche,5.39
Gandhinagar,noche,5.31
Gandhinagar,noche,5.25
Gandhinagar,noche,5.22
Gandhinagar,noche,5.18
Gandhinagar,noche,5.12
Gandhinagar,noche,5.16
Gandhinagar,noche,3.14
Gandhinagar,noche,12.61
Gandhinagar,noche,14.07
Gandhinagar,noche,15.29
Gandhinagar,noche,15.8
Gandhinagar,noche,7.85
Gandhinagar,noche,7.37
Gandhinagar,noche,5.55
Gandhinagar,noche,4.41
Gandhinagar,noche,3.77
Gandhinagar,noche,3.81
Gandhinagar,noche,7.11
Gandhinagar,noche,6.96
Gandhinagar,noche,7.18
Gandhinagar,noche,6.55
Gandhinagar,noche,6.93
Gandhinagar,noche,6.94
Gandhinagar,noche,6.88
Gandhinagar,noche,6.93
Gandhinagar,noche,6.59
Gandhinagar,noche,6.26
Gandhinagar,noche,5.53
Gandhinagar,noche,4.89
Gandhinagar,noche,3.93
Gandhinagar,noche,8.34
Gandhinagar,noche,8.51
Gandhinagar,noche,8.66
Gandhinagar,noche,8.79
Gandhinagar,noche,8.63
Gandhinagar,noche,8.67
Gandhinagar,noche,8.77
Gandhinagar,noche,9.05
Gandhinagar,noche,9.08
Gandhinagar,noche,8.99
Gandhinagar,noche,8.81
Gandhinagar,noche,8.59
Gandhinagar,noche,8.28
Gandhinagar,noche,7.93
Gandhinagar,noche,7.78
Gandhinagar,noche,7.69
Gandhinagar,noche,7.69
Gandhinagar,noche,7.59
Gandhinagar,noche,7.49
Gandhinagar,noche,7.3
Gandhinagar,noche,7.04
Gandhinagar,noche,6.66
Gandhinagar,noche,6.39
Gandhinagar,noche,6.23
Gandhinagar,noche,10.56
Gandhinagar,noche,16.39
Gandhinagar,noche,15.78
Gandhinagar,noche,14.84
Gandhinagar,noche,12.93
Gandhinagar,noche,12.55
Gandhinagar,noche,12.47
Gandhinagar,noche,10.99
Gandhinagar,noche,10.55
Gandhinagar,noche,9.44
Gandhinagar,noche,9.36
Gandhinagar,noche,11.45
Gandhinagar,noche,12.35
Gandhinagar,noche,12.98
Gandhinagar,noche,13.0
Gandhinagar,noche,13.35
Gandhinagar,noche,12.3
Gandhinagar,noche,12.21
Gandhinagar,noche,11.77
Gandhinagar,noche,11.43
Gandhinagar,noche,11.33
Gandhinagar,noche,10.89
Gandhinagar,noche,10.99
Gandhinagar,noche,10.44
Gandhinagar,noche,10.27
Gandhinagar,noche,9.84
Gandhinagar,noche,9.62
Gandhinagar,noche,9.18
Gandhinagar,noche,8.77
Gandhinagar,noche,8.41
Gandhinagar,noche,8.23
Gandhinagar,noche,8.45
Gandhinagar,noche,8.74
Gandhinagar,noche,9.23
Gandhinagar,noche,9.4
Gandhinagar,noche,9.81
Gandhinagar,noche,10.2
Gandhinagar,noche,10.6
Gandhinagar,noche,11.48
Gandhinagar,noche,11.61
Gandhinagar,noche,11.52
Gandhinagar,noche,11.72
Gandhinagar,noche,9.57
Gandhinagar,noche,12.03
Gandhinagar,noche,12.2
Gandhinagar,noche,12.67
Gandhinagar,noche,12.73
Gandhinagar,noche,12.6
Gandhinagar,noche,12.36
Gandhinagar,noche,12.26
Gandhinagar,noche,11.81
Gandhinagar,noche,11.09
Gandhinagar,noche,10.81
Gandhinagar,noche,10.26
Gandhinagar,noche,9.91
Gandhinagar,noche,9.36
Gandhinagar,noche,8.74
Gandhinagar,noche,8.43
Gandhinagar,noche,7.94
Gandhinagar,noche,7.43
Gandhinagar,noche,6.41
Gandhinagar,noche,5.93
Gandhinagar,noche,5.6
Gandhinagar,noche,5.36
Gandhinagar,noche,5.22
Gandhinagar,noche,5.18
Gandhinagar,noche,5.12
Gandhinagar,noche,5.11
Gandhinagar,noche,5.09
Gandhinagar,noche,5.1
Gandhinagar,noche,5.12
Gandhinagar,noche,5.12
Gandhinagar,noche,5.11
Gandhinagar,noche,5.09
Gandhinagar,noche,5.05
Gandhinagar,noche,5.01
Gandhinagar,noche,4.95
Gandhinagar,noche,4.89
Gandhinagar,noche,4.8
Gandhinagar,noche,4.72
Gandhinagar,noche,4.64
Gandhinagar,noche,4.54
Gandhinagar,noche,4.59
Gandhinagar,noche,4.6
Gandhinagar,noche,4.61
Gandhinagar,noche,4.62
Gandhinagar,noche,4.62
Gandhinagar,noche,4.58
Gandhinagar,noche,4.56
Gandhinagar,noche,4.5
Gandhinagar,noche,4.45
Gandhinagar,noche,4.39
Gandhinagar,noche,4.34
Gandhinagar,noche,4.25
Gandhinagar,noche,4.18
Gandhinagar,noche,4.13
Gandhinagar,noche,4.07
Gandhinagar,noche,4.0
Gandhinagar,noche,3.91
Gandhinagar,noche,3.8
Gandhinagar,noche,3.7
Gandhinagar,noche,3.62
Gandhinagar,noche,3.6
Gandhinagar,noche,3.71
Gandhinagar,noche,4.03
Gandhinagar,noche,4.55
Gandhinagar,noche,5.34
Gandhinagar,noche,6.54
Gandhinagar,noche,7.72
Gandhinagar,noche,9.31
Gandhinagar,noche,10.92
Gandhinagar,noche,12.25
Gandhinagar,noche,13.97
Gandhinagar,noche,14.97
Gandhinagar,noche,16.68
Gandhinagar,noche,17.81
Gandhinagar,noche,19.22
Gandhinagar,noche,20.16
Gandhinagar,noche,21.46
Gandhinagar,noche,22.65
Gandhinagar,noche,23.47
Gandhinagar,noche,24.17
Gandhinagar,noche,25.1
Gandhinagar,noche,25.64
Gandhinagar,noche,25.9
Gandhinagar,noche,26.29
Gandhinagar,noche,26.51
Gandhinagar,noche,26.7
Gandhinagar,noche,26.6
Gandhinagar,noche,26.75
Gandhinagar,noche,26.56
Gandhinagar,noche,26.32
Gandhinagar,noche,26.08
Gandhinagar,noche,25.81
Gandhinagar,noche,25.5
Gandhinagar,noche,25.21
Gandhinagar,noche,24.93
Gandhinagar,noche,24.7
Gandhinagar,noche,24.52
Gandhinagar,noche,24.29
Gandhinagar,noche,24.2
Gandhinagar,noche,24.04
Gandhinagar,noche,23.91
Gandhinagar,noche,23.89
Gandhinagar,noche,23.83
Gandhinagar,noche,23.72
Gandhinagar,noche,23.66
Gandhinagar,noche,23.62
Gandhinagar,noche,23.59
Gandhinagar,noche,23.62
Gandhinagar,noche,23.56
Gandhinagar,noche,23.5
Gandhinagar,noche,23.51
Gandhinagar,noche,23.5
Gandhinagar,noche,23.51
Gandhinagar,noche,23.51
Gandhinagar,noche,23.52
Gandhinagar,noche,23.54
Gandhinagar,noche,23.54
Gandhinagar,noche,23.66
Gandhinagar,noche,24.07
Gandhinagar,noche,24.13
Gandhinagar,noche,27.16
Gandhinagar,noche,18.16
Gandhinagar,noche,17.27
Gandhinagar,noche,15.17
Gandhinagar,noche,13.86
Gandhinagar,noche,12.35
Gandhinagar,noche,10.63
Gandhinagar,noche,8.96
Gandhinagar,noche,7.68
Gandhinagar,noche,6.38
Gandhinagar,noche,4.97
Gandhinagar,noche,3.77
Gandhinagar,noche,1.65
Gandhinagar,noche,0.19
Gandhinagar,noche,0.43
Gandhinagar,noche,0.45
Gandhinagar,noche,1.09
Gandhinagar,noche,1.39
Gandhinagar,noche,2.1
Gandhinagar,noche,1.68
Gandhinagar,noche,1.9
Gandhinagar,noche,2.27
Gandhinagar,noche,1.63
Gandhinagar,noche,0.88
Gandhinagar,noche,0.07
Gandhinagar,noche,1.88
Gandhinagar,noche,3.1
Gandhinagar,noche,4.03
Gandhinagar,noche,5.4
Gandhinagar,noche,7.15
Gandhinagar,noche,8.5
Gandhinagar,noche,10.56
Gandhinagar,noche,12.46
Gandhinagar,noche,13.79
Gandhinagar,noche,15.16
Gandhinagar,noche,16.23
Gandhinagar,noche,17.22
Gandhinagar,noche,18.51
Gandhinagar,noche,19.65
Gandhinagar,noche,20.77
Gandhinagar,noche,21.71
Gandhinagar,noche,22.54
Gandhinagar,noche,23.29
Gandhinagar,noche,23.98
Gandhinagar,noche,24.58
Gandhinagar,noche,25.11
Gandhinagar,noche,25.59
Gandhinagar,noche,11.87
Gandhinagar,noche,11.96
Gandhinagar,noche,11.76
Gandhinagar,noche,11.57
Gandhinagar,noche,10.67
Gandhinagar,noche,10.26
Gandhinagar,noche,9.25
Gandhinagar,noche,8.5
Gandhinagar,noche,6.95
Gandhinagar,noche,6.51
Gandhinagar,noche,5.8
Gandhinagar,noche,3.19
Gandhinagar,noche,4.07
Gandhinagar,noche,4.62
Gandhinagar,noche,5.32
Gandhinagar,noche,5.83
Gandhinagar,noche,6.45
Gandhinagar,noche,9.54
Gandhinagar,noche,9.66
Gandhinagar,noche,10.66
Gandhinagar,noche,10.96
Ginebra,dia,0.43
Ginebra,dia,0.42
Ginebra,dia,0.42
Ginebra,dia,0.41
Ginebra,dia,0.4
Ginebra,dia,0.4
Ginebra,dia,0.4
Ginebra,dia,0.4
Ginebra,dia,0.39
Ginebra,dia,0.39
Ginebra,dia,0.39
Ginebra,dia,0.39
Ginebra,dia,0.38
Ginebra,dia,0.38
Ginebra,dia,0.38
Ginebra,dia,0.38
Ginebra,dia,0.37
Ginebra,dia,0.37
Ginebra,dia,0.37
Ginebra,dia,0.36
Ginebra,dia,0.36
Ginebra,dia,0.51
Ginebra,dia,0.5
Ginebra,dia,0.5
Ginebra,dia,0.51
Ginebra,dia,0.53
Ginebra,dia,0.54
Ginebra,dia,0.55
Ginebra,dia,0.56
Ginebra,dia,0.56
Ginebra,dia,0.58
Ginebra,dia,0.58
Ginebra,dia,0.58
Ginebra,dia,0.58
Ginebra,dia,0.58
Ginebra,dia,0.58
Ginebra,dia,0.57
Ginebra,dia,0.56
Ginebra,dia,0.56
Ginebra,dia,0.55
Ginebra,dia,0.54
Ginebra,dia,0.53
Ginebra,dia,0.52
Ginebra,dia,0.52
Ginebra,dia,0.51
Ginebra,dia,0.51
Ginebra,dia,0.51
Ginebra,dia,0.51
Ginebra,dia,0.51
Ginebra,dia,0.51
Ginebra,dia,0.5
Ginebra,dia,0.41
Ginebra,dia,0.42
Ginebra,dia,0.42
Ginebra,dia,0.43
Ginebra,dia,0.44
Ginebra,dia,0.45
Ginebra,dia,0.46
Ginebra,dia,0.47
Ginebra,dia,0.48
Ginebra,dia,0.49
Ginebra,dia,0.5
Ginebra,dia,0.52
Ginebra,dia,0.54
Ginebra,dia,0.55
Ginebra,dia,0.57
Ginebra,dia,0.57
Ginebra,dia,0.59
Ginebra,dia,0.59
Ginebra,dia,0.6
Ginebra,dia,0.61
Ginebra,dia,0.62
Ginebra,dia,0.62
Ginebra,dia,0.63
Ginebra,dia,0.64
Ginebra,dia,0.64
Ginebra,dia,0.64
Ginebra,dia,0.64
Ginebra,dia,0.65
Ginebra,dia,0.76
Ginebra,dia,0.77
Ginebra,dia,0.78
Ginebra,dia,0.8
Ginebra,dia,0.81
Ginebra,dia,0.81
Ginebra,dia,0.83
Ginebra,dia,0.84
Ginebra,dia,0.85
Ginebra,dia,0.87
Ginebra,dia,0.88
Ginebra,dia,0.89
Ginebra,dia,0.89
Ginebra,dia,0.89
Ginebra,dia,0.89
Ginebra,dia,0.87
Ginebra,dia,0.86
Ginebra,dia,0.85
Ginebra,dia,0.84
Ginebra,dia,0.83
Ginebra,dia,0.82
Ginebra,dia,0.81
Ginebra,dia,0.79
Ginebra,dia,0.77
Ginebra,dia,0.76
Ginebra,dia,0.75
Ginebra,dia,0.74
Ginebra,dia,0.73
Ginebra,dia,0.72
Ginebra,dia,0.71
Ginebra,dia,0.69
Ginebra,dia,0.68
Ginebra,dia,0.67
Ginebra,dia,0.66
Ginebra,dia,0.65
Ginebra,dia,0.64
Ginebra,dia,0.63
Ginebra,dia,0.62
Ginebra,dia,0.62
Ginebra,dia,0.59
Ginebra,dia,0.58
Ginebra,dia,0.57
Ginebra,dia,0.57
Ginebra,dia,0.57
Ginebra,dia,0.55
Ginebra,dia,0.54
Ginebra,dia,0.52
Ginebra,dia,0.51
Ginebra,dia,0.5
Ginebra,dia,0.49
Ginebra,dia,0.47
Ginebra,dia,0.47
Ginebra,dia,0.45
Ginebra,dia,0.44
Ginebra,dia,0.42
Ginebra,dia,0.41
Ginebra,dia,0.39
Ginebra,dia,0.38
Ginebra,dia,0.37
Ginebra,dia,0.36
Ginebra,dia,0.34
Ginebra,dia,0.33
Ginebra,dia,0.32
Ginebra,dia,0.31
Ginebra,dia,0.3
Ginebra,dia,0.28
Ginebra,dia,0.27
Ginebra,dia,0.28
Ginebra,dia,0.28
Ginebra,dia,0.25
Ginebra,dia,0.23
Ginebra,dia,0.21
Ginebra,dia,0.19
Ginebra,dia,0.19
Ginebra,dia,0.2
Ginebra,dia,0.2
Ginebra,dia,0.19
Ginebra,dia,0.2
Ginebra,dia,0.21
Ginebra,dia,0.21
Ginebra,dia,0.21
Ginebra,dia,0.2
Ginebra,dia,0.2
Ginebra,dia,0.2
Ginebra,dia,0.2
Ginebra,dia,0.2
Ginebra,dia,0.21
Ginebra,dia,0.21
Ginebra,dia,0.2
Ginebra,dia,0.19
Ginebra,dia,0.19
Ginebra,dia,0.19
Ginebra,dia,0.18
Ginebra,dia,0.19
Ginebra,dia,0.21
Ginebra,dia,0.21
Ginebra,dia,0.2
Ginebra,dia,0.2
Ginebra,dia,0.48
Ginebra,dia,0.49
Ginebra,dia,0.56
Ginebra,dia,0.6
Ginebra,dia,0.64
Ginebra,dia,0.65
Ginebra,dia,0.66
Ginebra,dia,0.67
Ginebra,dia,0.67
Ginebra,dia,0.68
Ginebra,dia,0.69
Ginebra,dia,0.7
Ginebra,dia,0.71
Ginebra,dia,0.72
Ginebra,dia,0.74
Ginebra,dia,0.75
Ginebra,dia,0.76
Ginebra,dia,0.77
Ginebra,dia,0.78
Ginebra,dia,0.8
Ginebra,dia,0.82
Ginebra,dia,0.83
Ginebra,dia,0.84
Ginebra,dia,0.85
Ginebra,dia,0.77
Ginebra,dia,0.74
Ginebra,dia,0.73
Ginebra,dia,0.71
Ginebra,dia,0.7
Ginebra,dia,0.69
Ginebra,dia,0.68
Ginebra,dia,0.67
Ginebra,dia,0.68
Ginebra,dia,0.69
Ginebra,dia,0.69
Ginebra,dia,0.69
Ginebra,dia,0.69
Ginebra,dia,0.68
Ginebra,dia,0.67
Ginebra,dia,0.67
Ginebra,dia,0.66
Ginebra,dia,0.66
Ginebra,dia,0.67
Ginebra,dia,0.68
Ginebra,dia,0.68
Ginebra,dia,0.68
Ginebra,dia,0.66
Ginebra,dia,0.64
Ginebra,dia,0.64
Ginebra,dia,0.63
Ginebra,dia,0.63
Ginebra,dia,0.63
Ginebra,dia,0.63
Ginebra,dia,0.63
Ginebra,dia,0.62
Ginebra,dia,0.61
Ginebra,dia,0.6
Ginebra,dia,0.59
Ginebra,dia,0.58
Ginebra,dia,0.57
Ginebra,dia,0.45
Ginebra,dia,0.45
Ginebra,dia,0.44
Ginebra,dia,0.44
Ginebra,dia,0.44
Ginebra,dia,0.43
Ginebra,dia,0.43
Ginebra,dia,0.43
Ginebra,dia,0.43
Ginebra,dia,0.43
Ginebra,dia,0.44
Ginebra,dia,0.44
Ginebra,dia,0.45
Ginebra,dia,0.45
Ginebra,dia,0.47
Ginebra,dia,0.48
Ginebra,dia,0.48
Ginebra,dia,0.5
Ginebra,dia,0.51
Ginebra,dia,0.52
Ginebra,dia,0.54
Ginebra,dia,0.55
Ginebra,dia,0.56
Ginebra,dia,0.57
Ginebra,dia,0.59
Ginebra,dia,0.6
Ginebra,dia,0.61
Ginebra,dia,0.61
Ginebra,dia,0.63
Ginebra,dia,0.64
Ginebra,dia,0.65
Ginebra,dia,0.67
Ginebra,dia,0.67
Ginebra,dia,0.68
Ginebra,dia,0.69
Ginebra,dia,0.71
Ginebra,dia,0.73
Ginebra,dia,0.73
Ginebra,dia,0.73
Ginebra,dia,0.73
Ginebra,dia,0.73
Ginebra,dia,0.73
Ginebra,dia,0.73
Ginebra,dia,0.73
Ginebra,dia,0.73
Ginebra,dia,0.74
Ginebra,dia,0.74
Ginebra,dia,0.75
Ginebra,dia,0.75
Ginebra,dia,0.75
Ginebra,dia,0.74
Ginebra,dia,0.74
Ginebra,dia,0.73
Ginebra,dia,0.73
Ginebra,dia,0.73
Ginebra,dia,0.73
Ginebra,dia,0.73
Ginebra,dia,0.73
Ginebra,dia,0.73
Ginebra,dia,0.73
Ginebra,dia,0.73
Ginebra,dia,0.73
Ginebra,dia,0.73
Ginebra,dia,0.72
Ginebra,dia,0.72
Ginebra,dia,0.71
Ginebra,dia,0.71
Ginebra,dia,0.71
Ginebra,dia,0.71
Ginebra,dia,0.64
Ginebra,dia,0.63
Ginebra,dia,0.63
Ginebra,dia,0.62
Ginebra,dia,0.62
Ginebra,dia,0.61
Ginebra,dia,0.61
Ginebra,dia,0.6
Ginebra,dia,0.6
Ginebra,dia,0.6
Ginebra,dia,0.59
Ginebra,dia,0.61
Ginebra,dia,0.61
Ginebra,dia,0.61
Ginebra,dia,0.61
Ginebra,dia,0.61
Ginebra,dia,0.62
Ginebra,dia,0.62
Ginebra,dia,0.63
Ginebra,dia,0.64
Ginebra,dia,0.66
Ginebra,dia,0.67
Ginebra,dia,0.68
Ginebra,dia,0.69
Ginebra,dia,0.71
Ginebra,dia,0.72
Ginebra,dia,0.73
Ginebra,dia,0.74
Ginebra,dia,0.77
Ginebra,dia,0.78
Ginebra,dia,0.78
Ginebra,dia,0.77
Ginebra,dia,0.76
Ginebra,dia,0.75
Ginebra,dia,0.73
Ginebra,dia,0.73
Ginebra,dia,0.71
Ginebra,dia,0.7
Ginebra,dia,0.69
Ginebra,dia,0.67
Ginebra,dia,0.58
Ginebra,dia,0.56
Ginebra,dia,0.54
Ginebra,dia,0.55
Ginebra,dia,0.56
Ginebra,dia,0.56
Ginebra,dia,0.56
Ginebra,dia,0.55
Ginebra,dia,0.54
Ginebra,dia,0.53
Ginebra,dia,0.53
Ginebra,dia,0.53
Ginebra,dia,0.54
Ginebra,dia,0.55
Ginebra,dia,0.56
Ginebra,dia,0.57
Ginebra,dia,0.58
Ginebra,dia,0.58
Ginebra,dia,0.59
Ginebra,dia,0.59
Ginebra,dia,0.6
Ginebra,dia,0.6
Ginebra,dia,0.6
Ginebra,dia,0.6
Ginebra,dia,0.6
Ginebra,dia,0.61
Ginebra,dia,0.62
Ginebra,dia,0.62
Ginebra,dia,0.62
Ginebra,dia,0.61
Ginebra,dia,0.61
Ginebra,dia,0.61
Ginebra,dia,0.62
Ginebra,dia,0.62
Ginebra,dia,0.62
Ginebra,dia,0.62
Ginebra,dia,0.62
Ginebra,dia,0.62
Ginebra,dia,0.62
Ginebra,dia,0.61
Ginebra,dia,0.6
Ginebra,dia,0.59
Ginebra,dia,0.57
Ginebra,dia,0.57
Ginebra,dia,0.57
Ginebra,dia,0.81
Ginebra,dia,0.81
Ginebra,dia,0.82
Ginebra,dia,0.81
Ginebra,dia,0.81
Ginebra,dia,0.81
Ginebra,dia,0.8
Ginebra,dia,0.8
Ginebra,dia,0.79
Ginebra,dia,0.79
Ginebra,dia,0.78
Ginebra,dia,0.78
Ginebra,dia,0.77
Ginebra,dia,0.76
Ginebra,dia,0.75
Ginebra,dia,0.75
Ginebra,dia,0.74
Ginebra,dia,0.72
Ginebra,dia,0.71
Ginebra,dia,0.7
Ginebra,dia,0.69
Ginebra,dia,0.68
Ginebra,dia,0.67
Ginebra,dia,0.66
Ginebra,dia,0.65
Ginebra,dia,0.64
Ginebra,dia,0.62
Ginebra,dia,0.6
Ginebra,dia,0.59
Ginebra,dia,0.58
Ginebra,dia,0.56
Ginebra,dia,0.55
Ginebra,dia,0.53
Ginebra,dia,0.51
Ginebra,dia,0.49
Ginebra,dia,0.47
Ginebra,dia,0.45
Ginebra,dia,0.44
Ginebra,dia,0.42
Ginebra,dia,0.41
Ginebra,dia,0.32
Ginebra,dia,0.31
Ginebra,dia,0.31
Ginebra,dia,0.32
Ginebra,dia,0.31
Ginebra,dia,0.31
Ginebra,dia,0.3
Ginebra,dia,0.29
Ginebra,dia,0.29
Ginebra,dia,0.29
Ginebra,dia,0.29
Ginebra,dia,0.29
Ginebra,dia,0.3
Ginebra,dia,0.3
Ginebra,dia,0.3
Ginebra,dia,0.3
Ginebra,dia,0.31
Ginebra,dia,0.32
Ginebra,dia,0.32
Ginebra,dia,0.33
Ginebra,dia,0.32
Ginebra,dia,0.33
Ginebra,dia,0.32
Ginebra,dia,0.32
Ginebra,dia,0.32
Ginebra,dia,0.33
Ginebra,dia,0.33
Ginebra,dia,0.34
Ginebra,dia,0.34
Ginebra,dia,0.34
Ginebra,dia,0.34
Ginebra,dia,0.35
Ginebra,dia,0.35
Ginebra,dia,0.35
Ginebra,dia,0.35
Ginebra,dia,0.35
Ginebra,dia,0.36
Ginebra,dia,0.36
Ginebra,dia,0.36
Ginebra,dia,0.36
Ginebra,dia,0.36
Ginebra,dia,0.36
Ginebra,dia,0.37
Ginebra,dia,0.37
Ginebra,dia,0.37
Ginebra,dia,0.38
Ginebra,dia,0.39
Ginebra,dia,0.39
Ginebra,dia,0.4
Ginebra,dia,0.41
Ginebra,dia,0.41
Ginebra,dia,0.42
Ginebra,dia,0.42
Ginebra,dia,0.43
Ginebra,dia,0.44
Ginebra,dia,0.45
Ginebra,dia,0.46
Ginebra,dia,0.46
Ginebra,dia,0.47
Ginebra,dia,0.48
Ginebra,dia,0.51
Ginebra,dia,0.52
Ginebra,dia,0.48
Ginebra,dia,0.48
Ginebra,dia,0.49
Ginebra,dia,0.5
Ginebra,dia,0.5
Ginebra,dia,0.5
Ginebra,dia,0.49
Ginebra,dia,0.48
Ginebra,dia,0.47
Ginebra,dia,0.46
Ginebra,dia,0.45
Ginebra,dia,0.45
Ginebra,dia,0.46
Ginebra,dia,0.46
Ginebra,dia,0.47
Ginebra,dia,0.48
Ginebra,dia,0.47
Ginebra,dia,0.46
Ginebra,dia,0.45
Ginebra,dia,0.44
Ginebra,dia,0.44
Ginebra,dia,0.43
Ginebra,dia,0.43
Ginebra,dia,0.42
Ginebra,dia,0.42
Ginebra,dia,0.42
Ginebra,dia,0.41
Ginebra,dia,0.41
Ginebra,dia,0.41
Ginebra,dia,0.4
Ginebra,dia,0.4
Ginebra,dia,0.4
Ginebra,dia,0.39
Ginebra,dia,0.39
Ginebra,dia,0.39
Ginebra,dia,0.38
Ginebra,dia,0.38
Ginebra,dia,0.38
Ginebra,dia,0.38
Ginebra,dia,0.37
Ginebra,dia,0.37
Ginebra,dia,0.37
Ginebra,dia,0.37
Ginebra,dia,0.37
Ginebra,dia,0.36
Ginebra,dia,0.37
Ginebra,dia,0.36
Ginebra,dia,0.36
Ginebra,dia,0.36
Ginebra,dia,0.36
Ginebra,dia,0.36
Ginebra,dia,0.35
Ginebra,dia,0.35
Ginebra,dia,0.35
Ginebra,dia,0.35
Ginebra,dia,0.34
Ginebra,dia,0.34
Ginebra,dia,0.34
Ginebra,dia,0.34
Ginebra,dia,0.33
Ginebra,dia,0.33
Ginebra,dia,0.33
Ginebra,dia,0.33
Ginebra,dia,0.33
Ginebra,dia,0.32
Ginebra,dia,0.32
Ginebra,dia,0.32
Ginebra,dia,0.31
Ginebra,dia,0.31
Ginebra,dia,0.31
Ginebra,dia,0.3
Ginebra,dia,0.3
Ginebra,dia,0.29
Ginebra,dia,0.29
Ginebra,dia,0.29
Ginebra,dia,0.28
Ginebra,dia,0.28
Ginebra,dia,0.28
Ginebra,dia,0.27
Ginebra,dia,0.27
Ginebra,dia,0.26
Ginebra,dia,0.25
Ginebra,dia,0.25
Ginebra,dia,0.25
Ginebra,dia,0.25
Ginebra,dia,0.24
Ginebra,dia,0.24
Ginebra,dia,0.24
Ginebra,dia,0.24
Ginebra,dia,0.24
Ginebra,dia,0.23
Ginebra,dia,0.23
Ginebra,dia,0.23
Ginebra,dia,0.23
Ginebra,dia,0.23
Ginebra,dia,0.23
Ginebra,dia,0.23
Ginebra,dia,0.23
Ginebra,dia,0.23
Ginebra,dia,0.23
Ginebra,dia,0.23
Ginebra,dia,0.23
Ginebra,dia,0.24
Ginebra,dia,0.24
Ginebra,dia,0.25
Ginebra,dia,0.25
Ginebra,dia,0.25
Ginebra,dia,0.26
Ginebra,dia,0.26
Ginebra,dia,0.26
Ginebra,dia,0.27
Ginebra,dia,0.27
Ginebra,dia,0.27
Ginebra,dia,0.27
Ginebra,dia,0.27
Ginebra,dia,0.27
Ginebra,dia,0.27
Ginebra,dia,0.28
Ginebra,dia,0.28
Ginebra,dia,0.28
Ginebra,dia,0.28
Ginebra,dia,0.28
Ginebra,dia,0.29
Ginebra,dia,0.29
Ginebra,dia,0.29
Ginebra,dia,0.29
Ginebra,dia,0.29
Ginebra,dia,0.29
Ginebra,dia,0.3
Ginebra,dia,0.3
Ginebra,dia,0.3
Ginebra,dia,0.31
Ginebra,dia,0.31
Ginebra,dia,0.31
Ginebra,dia,0.31
Ginebra,dia,0.31
Ginebra,dia,0.32
Ginebra,dia,0.32
Ginebra,dia,0.32
Ginebra,dia,0.33
Ginebra,dia,0.33
Ginebra,dia,0.33
Ginebra,dia,0.33
Ginebra,dia,0.33
Ginebra,dia,0.33
Ginebra,dia,0.32
Ginebra,dia,0.32
Ginebra,dia,0.32
Ginebra,dia,0.31
Ginebra,dia,0.31
Ginebra,dia,0.31
Ginebra,dia,0.3
Ginebra,dia,0.3
Ginebra,dia,0.3
Ginebra,dia,0.5
Ginebra,dia,0.5
Ginebra,dia,0.5
Ginebra,dia,0.5
Ginebra,dia,0.51
Ginebra,dia,0.51
Ginebra,dia,0.5
Ginebra,dia,0.48
Ginebra,dia,0.47
Ginebra,dia,0.46
Ginebra,dia,0.45
Ginebra,dia,0.44
Ginebra,dia,0.43
Ginebra,dia,0.42
Ginebra,dia,0.41
Ginebra,dia,0.4
Ginebra,dia,0.39
Ginebra,dia,0.38
Ginebra,dia,0.37
Ginebra,dia,0.37
Ginebra,dia,0.36
Ginebra,dia,0.35
Ginebra,dia,0.35
Ginebra,dia,0.34
Ginebra,dia,0.33
Ginebra,dia,0.33
Ginebra,dia,0.32
Ginebra,dia,0.31
Ginebra,dia,0.31
Ginebra,dia,0.31
Ginebra,dia,0.31
Ginebra,dia,0.31
Ginebra,dia,0.31
Ginebra,dia,0.31
Ginebra,dia,0.31
Ginebra,dia,0.31
Ginebra,dia,0.31
Ginebra,dia,0.31
Ginebra,dia,0.31
Ginebra,dia,0.31
Ginebra,dia,0.31
Ginebra,dia,0.31
Ginebra,dia,0.3
Ginebra,dia,0.3
Ginebra,dia,0.29
Ginebra,dia,0.29
Ginebra,dia,0.29
Ginebra,dia,0.29
Ginebra,dia,0.29
Ginebra,dia,0.29
Ginebra,dia,0.28
Ginebra,dia,0.28
Ginebra,dia,0.28
Ginebra,dia,0.28
Ginebra,dia,0.28
Ginebra,dia,0.28
Ginebra,dia,0.28
Ginebra,dia,0.28
Ginebra,dia,0.28
Ginebra,dia,0.28
Ginebra,dia,0.28
Ginebra,dia,0.28
Ginebra,dia,0.28
Ginebra,dia,0.28
Ginebra,dia,0.28
Ginebra,dia,0.28
Ginebra,dia,0.28
Ginebra,dia,0.28
Ginebra,dia,0.28
Ginebra,dia,0.28
Ginebra,dia,0.28
Ginebra,dia,0.28
Ginebra,dia,0.27
Ginebra,dia,0.27
Ginebra,dia,0.27
Ginebra,dia,0.27
Ginebra,dia,0.27
Ginebra,dia,0.27
Ginebra,dia,0.27
Ginebra,dia,0.27
Ginebra,dia,0.26
Ginebra,dia,0.26
Ginebra,dia,0.26
Ginebra,dia,0.26
Ginebra,dia,0.26
Ginebra,dia,0.26
Ginebra,dia,0.26
Ginebra,dia,0.26
Ginebra,dia,0.25
Ginebra,dia,0.26
Ginebra,dia,0.26
Ginebra,dia,0.26
Ginebra,dia,0.26
Ginebra,dia,0.26
Ginebra,dia,0.26
Ginebra,dia,0.26
Ginebra,dia,0.26
Ginebra,dia,0.26
Ginebra,dia,0.26
Ginebra,dia,0.26
Ginebra,dia,0.26
Ginebra,dia,0.26
Ginebra,dia,0.26
Ginebra,dia,0.26
Ginebra,dia,0.26
Ginebra,dia,0.26
Ginebra,dia,0.26
Ginebra,dia,0.26
Ginebra,dia,0.26
Ginebra,dia,0.26
Ginebra,dia,0.26
Ginebra,dia,0.26
Ginebra,dia,0.26
Ginebra,dia,0.26
Ginebra,dia,0.26
Ginebra,dia,0.26
Ginebra,dia,0.26
Ginebra,dia,0.26
Ginebra,dia,0.26
Ginebra,dia,0.26
Ginebra,dia,0.26
Ginebra,dia,0.26
Ginebra,dia,0.26
Ginebra,dia,0.26
Ginebra,dia,0.26
Ginebra,dia,0.26
Ginebra,dia,0.26
Ginebra,dia,0.26
Ginebra,dia,0.26
Ginebra,dia,0.26
Ginebra,dia,0.26
Ginebra,dia,0.25
Ginebra,dia,0.25
Ginebra,dia,0.25
Ginebra,dia,0.25
Ginebra,dia,0.25
Ginebra,dia,0.25
Ginebra,dia,0.25
Ginebra,dia,0.25
Ginebra,dia,0.25
Ginebra,dia,0.25
Ginebra,dia,0.24
Ginebra,dia,0.25
Ginebra,dia,0.25
Ginebra,dia,0.25
Ginebra,dia,0.25
Ginebra,dia,0.25
Ginebra,dia,0.25
Ginebra,dia,0.25
Ginebra,dia,0.25
Ginebra,dia,0.25
Ginebra,dia,0.25
Ginebra,dia,0.25
Ginebra,dia,0.25
Ginebra,dia,0.25
Ginebra,dia,0.25
Ginebra,dia,0.25
Ginebra,dia,0.25
Ginebra,dia,0.26
Ginebra,dia,0.26
Ginebra,dia,0.26
Ginebra,dia,0.26
Ginebra,dia,0.26
Ginebra,dia,0.26
Ginebra,dia,0.26
Ginebra,dia,0.26
Ginebra,dia,0.26
Ginebra,dia,0.26
Ginebra,dia,0.26
Ginebra,dia,0.26
Ginebra,dia,0.26
Ginebra,dia,0.26
Ginebra,dia,0.26
Ginebra,dia,0.26
Ginebra,dia,0.26
Ginebra,dia,0.26
Ginebra,dia,0.25
Ginebra,dia,0.25
Ginebra,dia,0.25
Ginebra,dia,0.25
Ginebra,dia,0.25
Ginebra,dia,0.25
Ginebra,dia,0.25
Ginebra,dia,0.25
Ginebra,dia,0.25
Ginebra,dia,0.25
Ginebra,dia,0.25
Ginebra,dia,0.25
Ginebra,dia,0.25
Ginebra,dia,0.25
Ginebra,dia,0.25
Ginebra,dia,0.25
Ginebra,dia,0.24
Ginebra,dia,0.24
Ginebra,dia,0.24
Ginebra,dia,0.24
Ginebra,dia,0.24
Ginebra,dia,0.24
Ginebra,dia,0.23
Ginebra,dia,0.23
Ginebra,dia,0.23
Ginebra,dia,0.23
Ginebra,dia,0.23
Ginebra,dia,0.22
Ginebra,dia,0.22
Ginebra,dia,0.22
Ginebra,dia,0.22
Ginebra,dia,0.22
Ginebra,dia,0.21
Ginebra,dia,0.21
Ginebra,dia,0.21
Ginebra,dia,0.21
Ginebra,dia,0.21
Ginebra,dia,0.2
Ginebra,dia,0.2
Ginebra,dia,0.2
Ginebra,dia,0.2
Ginebra,dia,0.2
Ginebra,dia,0.19
Ginebra,dia,0.19
Ginebra,dia,0.19
Ginebra,dia,0.19
Ginebra,dia,0.19
Ginebra,dia,0.18
Ginebra,dia,0.18
Ginebra,dia,0.18
Ginebra,dia,0.18
Ginebra,dia,0.17
Ginebra,dia,0.18
Ginebra,dia,0.18
Ginebra,dia,0.18
Ginebra,dia,0.18
Ginebra,dia,0.19
Ginebra,dia,0.19
Ginebra,dia,0.19
Ginebra,dia,0.19
Ginebra,dia,0.19
Ginebra,dia,0.2
Ginebra,dia,0.57
Ginebra,dia,0.57
Ginebra,dia,0.57
Ginebra,dia,0.57
Ginebra,dia,0.57
Ginebra,dia,0.57
Ginebra,dia,0.58
Ginebra,dia,0.58
Ginebra,dia,0.57
Ginebra,dia,0.59
Ginebra,dia,0.59
Ginebra,dia,0.6
Ginebra,dia,0.6
Ginebra,dia,0.6
Ginebra,dia,0.59
Ginebra,dia,0.6
Ginebra,dia,0.6
Ginebra,dia,0.64
Ginebra,dia,0.64
Ginebra,dia,0.65
Ginebra,dia,0.65
Ginebra,dia,0.64
Ginebra,dia,0.62
Ginebra,dia,0.63
Ginebra,dia,0.64
Ginebra,dia,0.64
Ginebra,dia,0.65
Ginebra,dia,0.67
Ginebra,dia,0.67
Ginebra,dia,0.66
Ginebra,dia,0.65
Ginebra,dia,0.64
Ginebra,dia,0.63
Ginebra,dia,0.64
Ginebra,dia,0.66
Ginebra,dia,0.67
Ginebra,dia,0.68
Ginebra,dia,0.7
Ginebra,dia,0.71
Ginebra,dia,0.73
Ginebra,dia,0.74
Ginebra,dia,0.76
Ginebra,dia,0.77
Ginebra,dia,0.78
Ginebra,dia,0.79
Ginebra,dia,0.8
Ginebra,dia,0.81
Ginebra,dia,0.83
Ginebra,dia,0.84
Ginebra,dia,0.85
Ginebra,dia,0.86
Ginebra,dia,0.86
Ginebra,dia,0.87
Ginebra,dia,0.87
Ginebra,dia,0.86
Ginebra,dia,0.85
Ginebra,dia,0.84
Ginebra,dia,0.83
Ginebra,dia,0.82
Ginebra,dia,0.8
Ginebra,dia,0.79
Ginebra,dia,0.77
Ginebra,dia,0.76
Ginebra,dia,0.75
Ginebra,dia,0.74
Ginebra,dia,0.73
Ginebra,dia,0.72
Ginebra,dia,0.71
Ginebra,dia,0.69
Ginebra,dia,0.68
Ginebra,dia,0.67
Ginebra,dia,0.66
Ginebra,dia,0.65
Ginebra,dia,0.64
Ginebra,dia,0.63
Ginebra,dia,0.62
Ginebra,dia,0.61
Ginebra,dia,0.6
Ginebra,dia,0.59
Ginebra,dia,0.58
Ginebra,dia,0.56
Ginebra,dia,0.55
Ginebra,dia,0.54
Ginebra,dia,0.53
Ginebra,dia,0.51
Ginebra,dia,0.5
Ginebra,dia,0.49
Ginebra,dia,0.47
Ginebra,dia,0.46
Ginebra,dia,0.45
Ginebra,dia,0.43
Ginebra,dia,0.42
Ginebra,dia,0.4
Ginebra,dia,0.39
Ginebra,dia,0.37
Ginebra,dia,0.35
Ginebra,dia,0.33
Ginebra,dia,0.32
Ginebra,dia,0.26
Ginebra,dia,0.26
Ginebra,dia,0.25
Ginebra,dia,0.26
Ginebra,dia,0.22
Ginebra,dia,0.21
Ginebra,dia,0.21
Ginebra,dia,0.21
Ginebra,dia,0.21
Ginebra,dia,0.2
Ginebra,dia,0.2
Ginebra,dia,0.19
Ginebra,dia,0.19
Ginebra,dia,0.2
Ginebra,dia,0.69
Ginebra,dia,0.69
Ginebra,dia,0.69
Ginebra,dia,0.69
Ginebra,dia,0.69
Ginebra,dia,0.68
Ginebra,dia,0.67
Ginebra,dia,0.66
Ginebra,dia,0.65
Ginebra,dia,0.62
Ginebra,dia,0.58
Ginebra,dia,0.57
Ginebra,dia,0.63
Ginebra,dia,0.63
Ginebra,dia,0.63
Ginebra,dia,0.63
Ginebra,dia,0.66
Ginebra,dia,0.67
Ginebra,dia,0.67
Ginebra,dia,0.62
Ginebra,dia,0.61
Ginebra,dia,0.61
Ginebra,dia,0.61
Ginebra,dia,0.6
Ginebra,dia,0.6
Ginebra,dia,0.97
Ginebra,dia,0.98
Ginebra,dia,0.99
Ginebra,dia,1.0
Ginebra,dia,1.0
Ginebra,dia,1.01
Ginebra,dia,1.01
Ginebra,dia,1.02
Ginebra,dia,1.03
Ginebra,dia,1.03
Ginebra,dia,1.03
Ginebra,dia,1.03
Ginebra,dia,1.03
Ginebra,dia,1.03
Ginebra,dia,1.02
Ginebra,dia,1.01
Ginebra,dia,1.01
Ginebra,dia,1.01
Ginebra,dia,1.0
Ginebra,dia,0.99
Ginebra,dia,0.97
Ginebra,dia,0.96
Ginebra,dia,0.95
Ginebra,dia,0.94
Ginebra,dia,0.93
Ginebra,dia,0.92
Ginebra,dia,0.92
Ginebra,dia,0.91
Ginebra,dia,0.9
Ginebra,dia,0.89
Ginebra,dia,0.88
Ginebra,dia,0.87
Ginebra,dia,0.86
Ginebra,dia,0.86
Ginebra,dia,0.85
Ginebra,dia,0.84
Ginebra,dia,0.84
Ginebra,dia,0.84
Ginebra,dia,0.85
Ginebra,dia,0.85
Ginebra,dia,0.86
Ginebra,dia,0.86
Ginebra,dia,0.86
Ginebra,dia,0.86
Ginebra,dia,0.87
Ginebra,dia,0.87
Ginebra,dia,0.86
Ginebra,dia,0.87
Ginebra,dia,0.85
Ginebra,dia,0.85
Ginebra,dia,0.85
Ginebra,dia,0.84
Ginebra,dia,0.84
Ginebra,dia,0.83
Ginebra,dia,0.83
Ginebra,dia,0.82
Ginebra,dia,0.82
Ginebra,dia,0.81
Ginebra,dia,0.81
Ginebra,dia,0.81
Ginebra,dia,0.81
Ginebra,dia,0.8
Ginebra,dia,0.8
Ginebra,dia,0.8
Ginebra,dia,0.8
Ginebra,dia,0.81
Ginebra,dia,0.81
Ginebra,dia,0.82
Ginebra,dia,0.82
Ginebra,dia,0.83
Ginebra,dia,0.84
Ginebra,dia,0.84
Ginebra,dia,0.85
Ginebra,dia,0.85
Ginebra,dia,0.86
Ginebra,dia,0.87
Ginebra,dia,0.87
Ginebra,dia,0.88
Ginebra,dia,0.88
Ginebra,dia,0.89
Ginebra,dia,0.89
Ginebra,dia,0.9
Ginebra,dia,0.9
Ginebra,dia,0.93
Ginebra,dia,0.93
Ginebra,dia,0.93
Ginebra,dia,0.94
Ginebra,dia,0.95
Ginebra,dia,0.96
Ginebra,dia,0.96
Ginebra,dia,0.97
Ginebra,dia,0.98
Ginebra,dia,0.98
Ginebra,dia,0.98
Ginebra,dia,0.98
Ginebra,dia,0.97
Ginebra,dia,0.97
Ginebra,dia,0.97
Ginebra,dia,0.96
Ginebra,dia,0.96
Ginebra,dia,0.95
Ginebra,dia,0.95
Ginebra,dia,0.94
Ginebra,dia,0.94
Ginebra,dia,0.93
Ginebra,dia,0.93
Ginebra,dia,0.93
Ginebra,dia,0.92
Ginebra,dia,0.92
Ginebra,dia,0.91
Ginebra,dia,0.91
Ginebra,dia,0.91
Ginebra,dia,0.9
Ginebra,dia,0.94
Ginebra,dia,0.94
Ginebra,dia,0.94
Ginebra,dia,0.93
Ginebra,dia,0.92
Ginebra,dia,0.92
Ginebra,dia,0.92
Ginebra,dia,0.91
Ginebra,dia,0.91
Ginebra,dia,0.9
Ginebra,dia,0.9
Ginebra,dia,0.89
Ginebra,dia,0.89
Ginebra,dia,0.88
Ginebra,dia,0.88
Ginebra,dia,0.88
Ginebra,dia,0.87
Ginebra,dia,0.86
Ginebra,dia,0.86
Ginebra,dia,0.85
Ginebra,dia,0.85
Ginebra,dia,0.84
Ginebra,dia,0.84
Ginebra,dia,0.84
Ginebra,dia,0.83
Ginebra,dia,0.87
Ginebra,dia,0.87
Ginebra,dia,0.87
Ginebra,dia,0.87
Ginebra,dia,0.88
Ginebra,dia,0.88
Ginebra,dia,0.88
Ginebra,dia,0.89
Ginebra,dia,0.89
Ginebra,dia,0.89
Ginebra,dia,0.89
Ginebra,dia,0.9
Ginebra,dia,0.57
Ginebra,dia,0.57
Ginebra,dia,0.46
Ginebra,dia,0.46
Ginebra,dia,0.46
Ginebra,dia,0.46
Ginebra,dia,0.46
Ginebra,dia,0.46
Ginebra,dia,0.46
Ginebra,dia,0.49
Ginebra,dia,0.49
Ginebra,dia,0.5
Ginebra,dia,0.5
Ginebra,dia,0.5
Ginebra,dia,0.5
Ginebra,dia,0.51
Ginebra,dia,0.51
Ginebra,dia,0.51
Ginebra,dia,0.65
Ginebra,dia,0.65
Ginebra,dia,0.65
Ginebra,dia,0.65
Ginebra,dia,0.65
Ginebra,dia,0.65
Ginebra,dia,0.66
Ginebra,dia,0.66
Ginebra,dia,0.66
Ginebra,dia,0.66
Ginebra,dia,0.67
Ginebra,dia,0.67
Ginebra,dia,0.68
Ginebra,dia,0.68
Ginebra,dia,0.68
Ginebra,dia,0.68
Ginebra,dia,0.68
Ginebra,dia,0.68
Ginebra,dia,0.68
Ginebra,dia,0.68
Ginebra,dia,0.94
Ginebra,dia,0.92
Ginebra,dia,0.92
Ginebra,dia,0.91
Ginebra,dia,0.88
Ginebra,dia,0.88
Ginebra,dia,0.87
Ginebra,dia,0.84
Ginebra,dia,0.81
Ginebra,dia,0.81
Ginebra,dia,0.84
Ginebra,dia,0.85
Ginebra,dia,0.86
Ginebra,dia,0.95
Ginebra,dia,0.94
Ginebra,dia,0.93
Ginebra,dia,0.93
Ginebra,dia,0.92
Ginebra,dia,0.93
Ginebra,dia,0.93
Ginebra,dia,0.93
Ginebra,dia,0.93
Ginebra,dia,0.93
Ginebra,dia,0.92
Ginebra,dia,0.92
Ginebra,dia,0.92
Ginebra,dia,0.92
Ginebra,dia,0.92
Ginebra,dia,0.91
Ginebra,dia,0.91
Ginebra,dia,0.91
Ginebra,dia,0.91
Ginebra,dia,0.91
Ginebra,dia,0.91
Ginebra,dia,0.9
Ginebra,dia,0.9
Ginebra,dia,0.9
Ginebra,dia,0.9
Ginebra,dia,0.89
Ginebra,dia,0.89
Ginebra,dia,0.89
Ginebra,dia,0.89
Ginebra,dia,0.89
Ginebra,dia,0.89
Ginebra,dia,0.89
Ginebra,dia,0.89
Ginebra,dia,0.89
Ginebra,dia,0.89
Ginebra,dia,0.89
Ginebra,dia,0.89
Ginebra,dia,0.9
Ginebra,dia,0.9
Ginebra,dia,0.9
Ginebra,dia,0.9
Ginebra,dia,0.9
Ginebra,dia,0.9
Ginebra,dia,0.9
Ginebra,dia,0.9
Ginebra,dia,0.9
Ginebra,dia,0.91
Ginebra,dia,0.91
Ginebra,dia,0.91
Ginebra,dia,0.91
Ginebra,dia,0.91
Ginebra,dia,0.91
Ginebra,dia,0.9
Ginebra,dia,0.9
Ginebra,dia,0.9
Ginebra,dia,0.9
Ginebra,dia,0.9
Ginebra,dia,0.89
Ginebra,dia,0.89
Ginebra,dia,0.89
Ginebra,dia,0.89
Ginebra,dia,0.88
Ginebra,dia,0.88
Ginebra,dia,0.88
Ginebra,dia,0.88
Ginebra,dia,0.87
Ginebra,dia,0.87
Ginebra,dia,0.87
Ginebra,dia,0.87
Ginebra,dia,0.87
Ginebra,dia,0.87
Ginebra,dia,0.87
Ginebra,dia,0.87
Ginebra,dia,0.87
Ginebra,dia,0.86
Ginebra,dia,0.87
Ginebra,dia,0.86
Ginebra,dia,0.86
Ginebra,dia,0.86
Ginebra,dia,0.86
Ginebra,dia,0.86
Ginebra,dia,0.86
Ginebra,dia,0.86
Ginebra,dia,0.86
Ginebra,dia,0.85
Ginebra,dia,0.85
Ginebra,dia,0.85
Ginebra,dia,0.86
Ginebra,dia,0.86
Ginebra,dia,0.85
Ginebra,dia,0.85
Ginebra,dia,0.85
Ginebra,dia,0.85
Ginebra,dia,0.85
Ginebra,dia,0.85
Ginebra,dia,0.85
Ginebra,dia,0.84
Ginebra,dia,0.84
Ginebra,dia,0.84
Ginebra,dia,0.84
Ginebra,dia,0.83
Ginebra,dia,0.83
Ginebra,dia,0.83
Ginebra,dia,0.83
Ginebra,dia,0.83
Ginebra,dia,0.83
Ginebra,dia,0.83
Ginebra,dia,0.83
Ginebra,dia,0.82
Ginebra,dia,0.82
Ginebra,dia,0.82
Ginebra,dia,0.82
Ginebra,dia,0.82
Ginebra,dia,0.82
Ginebra,dia,0.82
Ginebra,dia,0.81
Ginebra,dia,0.81
Ginebra,dia,0.81
Ginebra,dia,0.81
Ginebra,dia,0.81
Ginebra,dia,0.8
Ginebra,dia,0.8
Ginebra,dia,0.8
Ginebra,dia,0.79
Ginebra,dia,0.79
Ginebra,dia,0.79
Ginebra,dia,0.79
Ginebra,dia,0.78
Ginebra,dia,0.78
Ginebra,dia,0.78
Ginebra,dia,0.78
Ginebra,dia,0.77
Ginebra,dia,0.77
Ginebra,dia,0.77
Ginebra,dia,0.77
Ginebra,dia,0.77
Ginebra,dia,0.76
Ginebra,dia,0.76
Ginebra,dia,0.76
Ginebra,dia,0.76
Ginebra,dia,0.76
Ginebra,dia,0.76
Ginebra,dia,0.76
Ginebra,dia,0.75
Ginebra,dia,0.75
Ginebra,dia,0.75
Ginebra,dia,0.51
Ginebra,dia,0.49
Ginebra,dia,0.47
Ginebra,dia,0.46
Ginebra,dia,0.45
Ginebra,dia,0.45
Ginebra,dia,0.44
Ginebra,dia,0.43
Ginebra,dia,0.42
Ginebra,dia,0.42
Ginebra,dia,0.41
Ginebra,dia,0.4
Ginebra,dia,0.39
Ginebra,dia,0.39
Ginebra,dia,0.38
Ginebra,dia,0.38
Ginebra,dia,0.37
Ginebra,dia,0.37
Ginebra,dia,0.36
Ginebra,dia,0.37
Ginebra,dia,0.37
Ginebra,dia,0.36
Ginebra,dia,0.36
Ginebra,dia,0.36
Ginebra,dia,0.36
Ginebra,dia,0.36
Ginebra,dia,0.36
Ginebra,dia,0.36
Ginebra,dia,0.35
Ginebra,dia,0.35
Ginebra,dia,0.35
Ginebra,dia,0.35
Ginebra,dia,0.35
Ginebra,dia,0.35
Ginebra,dia,0.35
Ginebra,dia,0.34
Ginebra,dia,0.34
Ginebra,dia,0.34
Ginebra,dia,0.34
Ginebra,dia,0.34
Ginebra,dia,0.34
Ginebra,dia,0.34
Ginebra,dia,0.35
Ginebra,dia,0.35
Ginebra,dia,0.36
Ginebra,dia,0.36
Ginebra,dia,0.37
Ginebra,dia,0.37
Ginebra,dia,0.38
Ginebra,dia,0.38
Ginebra,dia,0.39
Ginebra,dia,0.4
Ginebra,dia,0.4
Ginebra,dia,0.4
Ginebra,dia,0.41
Ginebra,dia,0.41
Ginebra,dia,0.42
Ginebra,dia,0.43
Ginebra,dia,0.43
Ginebra,dia,0.44
Ginebra,dia,0.44
Ginebra,dia,0.45
Ginebra,dia,0.46
Ginebra,dia,0.46
Ginebra,dia,0.47
Ginebra,dia,0.48
Ginebra,dia,0.49
Ginebra,dia,0.49
Ginebra,dia,0.5
Ginebra,dia,0.5
Ginebra,dia,0.51
Ginebra,dia,0.51
Ginebra,dia,0.5
Ginebra,dia,0.5
Ginebra,dia,0.51
Ginebra,dia,0.52
Ginebra,dia,0.52
Ginebra,dia,0.52
Ginebra,dia,0.51
Ginebra,dia,0.5
Ginebra,dia,0.5
Ginebra,dia,0.49
Ginebra,dia,0.48
Ginebra,dia,0.47
Ginebra,dia,0.46
Ginebra,dia,0.45
Ginebra,dia,0.45
Ginebra,dia,0.45
Ginebra,dia,0.46
Ginebra,dia,0.47
Ginebra,dia,0.48
Ginebra,dia,0.48
Ginebra,dia,0.48
Ginebra,dia,0.48
Ginebra,dia,0.47
Ginebra,dia,0.47
Ginebra,dia,0.47
Ginebra,dia,0.47
Ginebra,dia,0.46
Ginebra,dia,0.22
Ginebra,dia,0.96
Ginebra,dia,0.96
Ginebra,dia,0.96
Ginebra,dia,0.96
Ginebra,dia,0.96
Ginebra,dia,0.96
Ginebra,dia,0.96
Ginebra,dia,0.96
Ginebra,dia,0.95
Ginebra,dia,0.95
Ginebra,dia,0.95
Ginebra,dia,0.95
Ginebra,dia,0.94
Ginebra,dia,0.94
Ginebra,dia,0.94
Ginebra,dia,0.93
Ginebra,dia,0.93
Ginebra,dia,0.93
Ginebra,dia,0.93
Ginebra,dia,0.92
Ginebra,dia,0.92
Ginebra,dia,0.92
Ginebra,dia,0.91
Ginebra,dia,0.91
Ginebra,dia,0.9
Ginebra,dia,0.9
Ginebra,dia,0.9
Ginebra,dia,0.9
Ginebra,dia,0.89
Ginebra,dia,0.89
Ginebra,dia,0.89
Ginebra,dia,0.89
Ginebra,dia,0.88
Ginebra,dia,0.88
Ginebra,dia,0.88
Ginebra,dia,0.87
Ginebra,dia,0.87
Ginebra,dia,0.86
Ginebra,dia,0.86
Ginebra,dia,0.85
Ginebra,dia,0.85
Ginebra,dia,0.85
Ginebra,dia,0.84
Ginebra,dia,0.84
Ginebra,dia,0.83
Ginebra,dia,0.83
Ginebra,dia,0.82
Ginebra,dia,0.82
Ginebra,dia,0.81
Ginebra,dia,0.81
Ginebra,dia,0.8
Ginebra,dia,0.8
Ginebra,dia,0.79
Ginebra,dia,0.93
Ginebra,dia,0.93
Ginebra,dia,0.92
Ginebra,dia,0.92
Ginebra,dia,0.92
Ginebra,dia,0.92
Ginebra,dia,0.92
Ginebra,dia,0.91
Ginebra,dia,0.91
Ginebra,dia,0.91
Ginebra,dia,0.91
Ginebra,dia,0.9
Ginebra,dia,0.9
Ginebra,dia,0.9
Ginebra,dia,0.9
Ginebra,dia,0.89
Ginebra,dia,0.89
Ginebra,dia,0.89
Ginebra,dia,0.89
Ginebra,dia,0.89
Ginebra,dia,0.88
Ginebra,dia,0.88
Ginebra,dia,0.88
Ginebra,dia,0.88
Ginebra,dia,0.87
Ginebra,dia,0.87
Ginebra,dia,0.87
Ginebra,dia,0.87
Ginebra,dia,0.87
Ginebra,dia,0.86
Ginebra,dia,0.86
Ginebra,dia,0.86
Ginebra,dia,0.86
Ginebra,dia,0.85
Ginebra,dia,0.85
Ginebra,dia,0.85
Ginebra,dia,0.85
Ginebra,dia,0.85
Ginebra,dia,0.84
Ginebra,dia,0.84
Ginebra,dia,0.84
Ginebra,dia,0.84
Ginebra,dia,0.84
Ginebra,dia,0.83
Ginebra,dia,0.83
Ginebra,dia,0.83
Ginebra,dia,0.83
Ginebra,dia,0.82
Ginebra,dia,0.82
Ginebra,dia,0.82
Ginebra,dia,0.82
Ginebra,dia,0.81
Ginebra,dia,0.81
Ginebra,dia,0.81
Ginebra,dia,0.81
Ginebra,dia,0.8
Ginebra,dia,0.8
Ginebra,dia,0.8
Ginebra,dia,0.8
Ginebra,dia,0.79
Ginebra,dia,0.79
Ginebra,dia,0.79
Ginebra,dia,0.79
Ginebra,dia,0.78
Ginebra,dia,0.78
Ginebra,dia,0.78
Ginebra,dia,0.77
Ginebra,dia,0.77
Ginebra,dia,0.77
Ginebra,dia,0.77
Ginebra,dia,0.76
Ginebra,dia,0.76
Ginebra,dia,0.76
Ginebra,dia,0.76
Ginebra,dia,0.75
Ginebra,dia,0.75
Ginebra,dia,0.75
Ginebra,dia,0.74
Ginebra,dia,0.74
Ginebra,dia,0.74
Ginebra,dia,0.74
Ginebra,dia,0.73
Ginebra,dia,0.73
Ginebra,dia,0.73
Ginebra,dia,0.7
Ginebra,dia,0.12
Ginebra,dia,0.12
Ginebra,dia,0.1
Ginebra,dia,0.1
Ginebra,dia,0.1
Ginebra,dia,0.1
Ginebra,dia,0.1
Ginebra,dia,0.1
Ginebra,dia,0.1
Ginebra,dia,0.1
Ginebra,dia,0.1
Ginebra,dia,0.1
Ginebra,dia,0.1
Ginebra,dia,0.1
Ginebra,dia,0.1
Ginebra,dia,0.1
Ginebra,dia,0.1
Ginebra,dia,0.1
Ginebra,dia,0.1
Ginebra,dia,0.1
Ginebra,dia,0.1
Ginebra,dia,0.1
Ginebra,dia,0.1
Ginebra,dia,0.1
Ginebra,dia,0.1
Ginebra,dia,0.1
Ginebra,dia,0.1
Ginebra,dia,0.1
Ginebra,dia,0.1
Ginebra,dia,0.1
Ginebra,dia,0.1
Ginebra,dia,0.1
Ginebra,dia,0.1
Ginebra,dia,0.1
Ginebra,dia,0.1
Ginebra,dia,0.1
Ginebra,dia,0.1
Ginebra,dia,0.1
Ginebra,dia,0.1
Ginebra,dia,0.1
Ginebra,dia,0.1
Ginebra,dia,0.1
Ginebra,dia,0.1
Ginebra,dia,0.1
Ginebra,dia,0.1
Ginebra,dia,0.1
Ginebra,dia,0.1
Ginebra,dia,0.1
Ginebra,dia,0.1
Ginebra,dia,0.1
Ginebra,dia,0.1
Ginebra,dia,0.1
Ginebra,dia,0.11
Ginebra,dia,0.11
Ginebra,dia,0.11
Ginebra,dia,0.11
Ginebra,dia,0.11
Ginebra,dia,0.11
Ginebra,dia,0.11
Ginebra,dia,0.11
Ginebra,dia,0.11
Ginebra,dia,0.11
Ginebra,dia,0.11
Ginebra,dia,0.11
Ginebra,dia,0.11
Ginebra,dia,0.11
Ginebra,dia,0.11
Ginebra,dia,0.11
Ginebra,dia,0.11
Ginebra,dia,0.11
Ginebra,dia,0.11
Ginebra,dia,0.11
Ginebra,dia,0.12
Ginebra,dia,0.12
Ginebra,dia,0.12
Ginebra,dia,0.12
Ginebra,dia,0.12
Ginebra,dia,0.12
Ginebra,dia,0.12
Ginebra,dia,0.12
Ginebra,dia,0.12
Ginebra,dia,0.12
Ginebra,dia,0.12
Ginebra,dia,0.12
Ginebra,dia,0.12
Ginebra,dia,0.12
Ginebra,dia,0.12
Ginebra,dia,0.12
Ginebra,dia,0.12
Ginebra,dia,0.12
Ginebra,dia,0.12
Ginebra,dia,0.12
Ginebra,dia,0.12
Ginebra,dia,0.12
Ginebra,dia,0.12
Ginebra,dia,0.12
Ginebra,dia,0.12
Ginebra,dia,0.12
Ginebra,dia,0.12
Ginebra,dia,0.13
Ginebra,dia,0.13
Ginebra,dia,0.13
Ginebra,dia,0.13
Ginebra,dia,0.13
Ginebra,dia,0.12
Ginebra,dia,0.12
Ginebra,dia,0.12
Ginebra,dia,0.12
Ginebra,dia,0.12
Ginebra,dia,0.12
Ginebra,dia,0.12
Ginebra,dia,0.12
Ginebra,dia,0.11
Ginebra,dia,0.11
Ginebra,dia,0.11
Ginebra,dia,0.11
Ginebra,dia,0.11
Ginebra,dia,0.11
Ginebra,dia,0.11
Ginebra,dia,0.11
Ginebra,dia,0.11
Ginebra,dia,0.11
Ginebra,dia,0.11
Ginebra,dia,0.11
Ginebra,dia,0.11
Ginebra,dia,0.11
Ginebra,dia,0.11
Ginebra,dia,0.11
Ginebra,dia,0.11
Ginebra,dia,0.1
Ginebra,dia,0.1
Ginebra,dia,0.1
Ginebra,dia,0.1
Ginebra,dia,0.1
Ginebra,dia,0.1
Ginebra,dia,0.1
Ginebra,dia,0.1
Ginebra,dia,1.01
Ginebra,dia,0.99
Ginebra,dia,1.0
Ginebra,dia,0.25
Ginebra,dia,0.82
Ginebra,dia,0.26
Ginebra,dia,0.26
Ginebra,dia,0.26
Ginebra,dia,0.26
Ginebra,dia,0.26
Ginebra,dia,0.26
Ginebra,dia,0.26
Ginebra,dia,0.26
Ginebra,dia,0.26
Ginebra,dia,0.26
Ginebra,dia,0.26
Ginebra,dia,0.26
Ginebra,dia,0.26
Ginebra,dia,0.26
Ginebra,dia,0.26
Ginebra,dia,0.26
Ginebra,dia,0.26
Ginebra,dia,0.26
Ginebra,dia,0.26
Ginebra,dia,0.26
Ginebra,dia,0.27
Ginebra,dia,0.27
Ginebra,dia,0.27
Ginebra,dia,0.27
Ginebra,dia,0.27
Ginebra,dia,0.27
Ginebra,dia,0.27
Ginebra,dia,0.27
Ginebra,dia,0.27
Ginebra,dia,0.28
Ginebra,dia,0.28
Ginebra,dia,0.28
Ginebra,dia,0.28
Ginebra,dia,0.28
Ginebra,dia,0.28
Ginebra,dia,0.28
Ginebra,dia,0.28
Ginebra,dia,0.29
Ginebra,dia,0.29
Ginebra,dia,0.29
Ginebra,dia,0.29
Ginebra,dia,0.29
Ginebra,dia,0.3
Ginebra,dia,0.3
Ginebra,dia,0.3
Ginebra,dia,0.3
Ginebra,dia,0.31
Ginebra,dia,0.31
Ginebra,dia,0.31
Ginebra,dia,0.31
Ginebra,dia,0.32
Ginebra,dia,0.32
Ginebra,dia,0.32
Ginebra,dia,0.32
Ginebra,dia,0.33
Ginebra,dia,0.33
Ginebra,dia,0.33
Ginebra,dia,0.34
Ginebra,dia,0.34
Ginebra,dia,0.35
Ginebra,dia,0.35
Ginebra,dia,0.35
Ginebra,dia,0.35
Ginebra,dia,0.36
Ginebra,dia,0.36
Ginebra,dia,0.36
Ginebra,dia,0.37
Ginebra,dia,0.37
Ginebra,dia,0.38
Ginebra,dia,0.38
Ginebra,dia,0.38
Ginebra,dia,0.39
Ginebra,dia,0.39
Ginebra,dia,0.4
Ginebra,dia,0.4
Ginebra,dia,0.41
Ginebra,dia,0.41
Ginebra,dia,0.42
Ginebra,dia,0.42
Ginebra,dia,0.43
Ginebra,dia,0.43
Ginebra,dia,0.44
Ginebra,dia,0.44
Ginebra,dia,0.45
Ginebra,dia,0.46
Ginebra,dia,0.46
Ginebra,dia,0.47
Ginebra,dia,0.48
Ginebra,dia,0.48
Ginebra,dia,0.49
Ginebra,dia,0.5
Ginebra,dia,0.5
Ginebra,dia,0.51
Ginebra,dia,0.52
Ginebra,dia,0.52
Ginebra,dia,0.53
Ginebra,dia,0.54
Ginebra,dia,0.55
Ginebra,dia,0.55
Ginebra,dia,0.56
Ginebra,dia,0.57
Ginebra,dia,0.58
Ginebra,dia,0.59
Ginebra,dia,0.59
Ginebra,dia,0.6
Ginebra,dia,0.61
Ginebra,dia,0.62
Ginebra,dia,0.62
Ginebra,dia,0.63
Ginebra,dia,0.22
Ginebra,dia,0.81
Ginebra,dia,0.81
Ginebra,dia,0.82
Ginebra,dia,0.82
Ginebra,dia,0.87
Ginebra,dia,0.88
Ginebra,dia,0.88
Ginebra,dia,0.88
Ginebra,dia,0.88
Ginebra,dia,0.89
Ginebra,dia,0.89
Ginebra,dia,0.89
Ginebra,dia,0.9
Ginebra,dia,0.9
Ginebra,dia,0.9
Ginebra,dia,0.91
Ginebra,dia,0.91
Ginebra,dia,0.93
Ginebra,dia,0.93
Ginebra,dia,0.93
Ginebra,dia,0.93
Ginebra,dia,0.94
Ginebra,dia,0.94
Ginebra,dia,0.94
Ginebra,dia,0.94
Ginebra,dia,0.95
Ginebra,dia,0.95
Ginebra,dia,0.95
Ginebra,dia,0.95
Ginebra,dia,0.96
Ginebra,dia,0.96
Ginebra,dia,0.96
Ginebra,dia,0.96
Ginebra,dia,0.96
Ginebra,dia,0.97
Ginebra,dia,0.97
Ginebra,dia,0.97
Ginebra,dia,0.97
Ginebra,dia,0.97
Ginebra,dia,0.98
Ginebra,dia,0.98
Ginebra,dia,0.98
Ginebra,dia,0.98
Ginebra,dia,0.98
Ginebra,dia,0.99
Ginebra,dia,0.99
Ginebra,dia,0.99
Ginebra,dia,0.99
Ginebra,dia,1.0
Ginebra,dia,1.0
Ginebra,dia,1.0
Ginebra,dia,1.0
Ginebra,dia,1.01
Ginebra,dia,1.01
Ginebra,dia,1.01
Ginebra,dia,1.01
Ginebra,dia,1.02
Ginebra,dia,1.02
Ginebra,dia,1.02
Ginebra,dia,1.02
Ginebra,dia,1.03
Ginebra,dia,1.03
Ginebra,dia,1.03
Ginebra,dia,1.03
Ginebra,dia,1.03
Ginebra,dia,1.02
Ginebra,dia,1.02
Ginebra,dia,1.02
Ginebra,dia,1.02
Ginebra,dia,1.02
Ginebra,dia,1.02
Ginebra,dia,1.02
Ginebra,dia,1.03
Ginebra,dia,1.03
Ginebra,dia,1.03
Ginebra,dia,1.03
Ginebra,dia,1.03
Ginebra,dia,1.02
Ginebra,dia,1.02
Ginebra,dia,1.02
Ginebra,dia,1.02
Ginebra,dia,1.02
Ginebra,dia,1.02
Ginebra,dia,1.03
Ginebra,dia,1.03
Ginebra,dia,1.03
Ginebra,dia,1.03
Ginebra,dia,1.03
Ginebra,dia,1.03
Ginebra,dia,1.03
Ginebra,dia,0.22
Ginebra,dia,0.51
Ginebra,dia,1.09
Ginebra,dia,1.1
Ginebra,dia,1.1
Ginebra,dia,1.1
Ginebra,dia,1.11
Ginebra,dia,1.12
Ginebra,dia,1.12
Ginebra,dia,1.13
Ginebra,dia,1.13
Ginebra,dia,1.14
Ginebra,dia,1.14
Ginebra,dia,1.14
Ginebra,dia,1.14
Ginebra,dia,1.14
Ginebra,dia,1.14
Ginebra,dia,1.14
Ginebra,dia,1.13
Ginebra,dia,1.13
Ginebra,dia,1.13
Ginebra,dia,1.13
Ginebra,dia,1.14
Ginebra,dia,1.14
Ginebra,dia,1.13
Ginebra,dia,1.13
Ginebra,dia,1.13
Ginebra,dia,1.13
Ginebra,dia,1.14
Ginebra,dia,1.14
Ginebra,dia,1.14
Ginebra,dia,1.14
Ginebra,dia,1.14
Ginebra,dia,1.13
Ginebra,dia,1.13
Ginebra,dia,1.13
Ginebra,dia,1.13
Ginebra,dia,1.13
Ginebra,dia,1.13
Ginebra,dia,1.12
Ginebra,dia,1.12
Ginebra,dia,1.12
Ginebra,dia,1.12
Ginebra,dia,1.11
Ginebra,dia,1.11
Ginebra,dia,1.11
Ginebra,dia,1.1
Ginebra,dia,1.1
Ginebra,dia,1.09
Ginebra,dia,1.09
Ginebra,dia,1.09
Ginebra,dia,1.09
Ginebra,dia,1.09
Ginebra,dia,1.1
Ginebra,dia,1.1
Ginebra,dia,1.09
Ginebra,dia,1.09
Ginebra,dia,1.08
Ginebra,dia,1.08
Ginebra,dia,1.07
Ginebra,dia,1.06
Ginebra,dia,1.06
Ginebra,dia,1.05
Ginebra,dia,1.04
Ginebra,dia,1.03
Ginebra,dia,1.03
Ginebra,dia,1.01
Ginebra,dia,1.0
Ginebra,dia,1.0
Ginebra,dia,0.99
Ginebra,dia,0.98
Ginebra,dia,0.97
Ginebra,dia,0.96
Ginebra,dia,0.96
Ginebra,dia,0.95
Ginebra,dia,0.94
Ginebra,dia,0.94
Ginebra,dia,0.93
Ginebra,dia,0.93
Ginebra,dia,0.93
Ginebra,dia,0.92
Ginebra,dia,0.92
Ginebra,dia,0.92
Ginebra,dia,0.92
Ginebra,dia,0.92
Ginebra,dia,0.93
Ginebra,dia,0.93
Ginebra,dia,0.94
Ginebra,dia,0.94
Ginebra,dia,0.92
Ginebra,dia,0.91
Ginebra,dia,0.91
Ginebra,dia,0.9
Ginebra,dia,0.89
Ginebra,dia,0.89
Ginebra,dia,0.89
Ginebra,dia,0.88
Ginebra,dia,0.87
Ginebra,dia,0.86
Ginebra,dia,0.86
Ginebra,dia,0.84
Ginebra,dia,0.81
Ginebra,dia,0.8
Ginebra,dia,0.78
Ginebra,dia,0.76
Ginebra,dia,0.89
Ginebra,dia,0.89
Ginebra,dia,0.9
Ginebra,dia,0.9
Ginebra,dia,0.9
Ginebra,dia,0.91
Ginebra,dia,0.91
Ginebra,dia,0.91
Ginebra,dia,1.1
Ginebra,dia,1.1
Ginebra,dia,1.11
Ginebra,dia,1.11
Ginebra,dia,1.11
Ginebra,dia,1.11
Ginebra,dia,1.12
Ginebra,dia,1.12
Ginebra,dia,1.12
Ginebra,dia,1.12
Ginebra,dia,1.12
Ginebra,dia,1.13
Ginebra,dia,1.13
Ginebra,dia,1.13
Ginebra,dia,1.13
Ginebra,dia,1.13
Ginebra,dia,1.14
Ginebra,dia,1.14
Ginebra,dia,1.14
Ginebra,dia,1.14
Ginebra,dia,1.14
Ginebra,dia,1.13
Ginebra,dia,1.13
Ginebra,dia,1.13
Ginebra,dia,1.13
Ginebra,dia,1.13
Ginebra,dia,1.13
Ginebra,dia,1.13
Ginebra,dia,1.13
Ginebra,dia,1.12
Ginebra,dia,1.12
Ginebra,dia,1.12
Ginebra,dia,1.12
Ginebra,dia,1.11
Ginebra,dia,1.11
Ginebra,dia,1.1
Ginebra,dia,1.1
Ginebra,dia,1.09
Ginebra,dia,1.09
Ginebra,dia,1.08
Ginebra,dia,1.08
Ginebra,dia,1.08
Ginebra,dia,1.07
Ginebra,dia,1.07
Ginebra,dia,1.06
Ginebra,dia,1.06
Ginebra,dia,1.06
Ginebra,dia,1.06
Ginebra,dia,1.05
Ginebra,dia,1.06
Ginebra,dia,1.06
Ginebra,dia,1.06
Ginebra,dia,1.06
Ginebra,dia,1.07
Ginebra,dia,1.07
Ginebra,dia,1.08
Ginebra,dia,1.09
Ginebra,dia,1.11
Ginebra,dia,1.12
Ginebra,dia,1.13
Ginebra,dia,0.69
Ginebra,dia,0.68
Ginebra,dia,0.67
Ginebra,dia,0.67
Ginebra,dia,0.65
Ginebra,dia,0.64
Ginebra,dia,0.63
Ginebra,dia,0.62
Ginebra,dia,0.61
Ginebra,dia,0.6
Ginebra,dia,0.59
Ginebra,dia,0.57
Ginebra,dia,0.56
Ginebra,dia,0.58
Ginebra,dia,0.55
Ginebra,dia,0.54
Ginebra,dia,0.53
Ginebra,dia,0.5
Ginebra,dia,0.49
Ginebra,dia,0.48
Ginebra,dia,0.46
Ginebra,dia,0.44
Ginebra,dia,0.42
Ginebra,dia,0.42
Ginebra,dia,0.4
Ginebra,dia,0.38
Ginebra,dia,0.37
Ginebra,dia,0.37
Ginebra,dia,0.36
Ginebra,dia,0.35
Ginebra,dia,0.35
Ginebra,dia,0.34
Ginebra,dia,0.35
Ginebra,dia,0.36
Ginebra,dia,0.37
Ginebra,dia,0.38
Ginebra,dia,0.39
Ginebra,dia,0.41
Ginebra,dia,0.44
Ginebra,dia,0.45
Ginebra,dia,0.48
Ginebra,dia,0.5
Ginebra,dia,0.55
Ginebra,dia,0.6
Ginebra,dia,0.63
Ginebra,dia,0.66
Ginebra,dia,0.7
Ginebra,dia,0.73
Ginebra,dia,0.77
Ginebra,dia,0.81
Ginebra,dia,0.84
Ginebra,dia,0.87
Ginebra,dia,0.89
Ginebra,dia,0.91
Ginebra,dia,0.93
Ginebra,dia,0.95
Ginebra,dia,0.98
Ginebra,dia,1.01
Ginebra,dia,1.03
Ginebra,dia,1.05
Ginebra,dia,1.11
Ginebra,dia,1.14
Ginebra,dia,1.18
Ginebra,dia,0.63
Ginebra,dia,0.63
Ginebra,dia,0.64
Ginebra,dia,0.67
Ginebra,dia,0.69
Ginebra,dia,0.7
Ginebra,dia,0.69
Ginebra,dia,0.7
Ginebra,dia,0.69
Ginebra,dia,0.69
Ginebra,dia,0.68
Ginebra,dia,0.69
Ginebra,dia,0.69
Ginebra,dia,0.7
Ginebra,dia,0.72
Ginebra,dia,0.73
Ginebra,dia,0.74
Ginebra,dia,0.75
Ginebra,dia,0.76
Ginebra,dia,0.76
Ginebra,dia,0.77
Ginebra,dia,0.78
Ginebra,dia,0.78
Ginebra,dia,0.79
Ginebra,dia,0.79
Ginebra,dia,0.79
Ginebra,dia,0.79
Ginebra,dia,0.79
Ginebra,dia,0.79
Ginebra,dia,0.79
Ginebra,dia,0.79
Ginebra,dia,0.79
Ginebra,dia,0.78
Ginebra,dia,0.78
Ginebra,dia,0.78
Ginebra,dia,0.78
Ginebra,dia,0.77
Ginebra,dia,0.77
Ginebra,dia,0.77
Ginebra,dia,0.77
Ginebra,dia,0.76
Ginebra,dia,0.76
Ginebra,dia,0.75
Ginebra,dia,0.75
Ginebra,dia,0.75
Ginebra,dia,0.75
Ginebra,dia,0.75
Ginebra,dia,0.75
Ginebra,dia,0.75
Ginebra,dia,0.76
Ginebra,dia,0.76
Ginebra,dia,0.76
Ginebra,dia,0.75
Ginebra,dia,0.75
Ginebra,dia,0.75
Ginebra,dia,0.75
Ginebra,dia,0.74
Ginebra,dia,0.75
Ginebra,dia,0.74
Ginebra,dia,0.74
Ginebra,dia,0.74
Ginebra,dia,0.74
Ginebra,dia,0.73
Ginebra,dia,0.73
Ginebra,dia,0.73
Ginebra,dia,0.72
Ginebra,dia,0.72
Ginebra,dia,0.71
Ginebra,dia,0.71
Ginebra,dia,0.71
Ginebra,dia,0.7
Ginebra,dia,0.7
Ginebra,dia,0.69
Ginebra,dia,0.69
Ginebra,dia,0.69
Ginebra,dia,0.68
Ginebra,dia,0.68
Ginebra,dia,0.67
Ginebra,dia,0.67
Ginebra,dia,0.65
Ginebra,dia,0.65
Ginebra,dia,0.64
Ginebra,dia,0.64
Ginebra,dia,0.64
Ginebra,dia,0.63
Ginebra,dia,0.63
Ginebra,dia,0.63
Ginebra,dia,0.63
Ginebra,dia,0.63
Ginebra,dia,0.64
Ginebra,dia,0.63
Ginebra,dia,0.63
Ginebra,dia,0.63
Ginebra,dia,0.63
Ginebra,dia,0.63
Ginebra,dia,0.63
Ginebra,dia,0.63
Ginebra,dia,0.63
Ginebra,dia,0.64
Ginebra,dia,0.64
Ginebra,dia,0.64
Ginebra,dia,0.64
Ginebra,dia,0.65
Ginebra,dia,0.65
Ginebra,dia,0.65
Ginebra,dia,0.65
Ginebra,dia,0.66
Ginebra,dia,0.66
Ginebra,dia,0.66
Ginebra,dia,0.66
Ginebra,dia,0.66
Ginebra,dia,0.67
Ginebra,dia,0.67
Ginebra,dia,0.67
Ginebra,dia,0.67
Ginebra,dia,0.68
Ginebra,dia,0.68
Ginebra,dia,0.68
Ginebra,dia,0.68
Ginebra,dia,0.69
Ginebra,dia,0.69
Ginebra,dia,0.69
Ginebra,dia,0.69
Ginebra,dia,0.69
Ginebra,dia,0.69
Ginebra,dia,0.69
Ginebra,dia,0.69
Ginebra,dia,0.69
Ginebra,dia,0.69
Ginebra,dia,0.7
Ginebra,dia,0.7
Ginebra,dia,0.7
Ginebra,dia,0.7
Ginebra,dia,0.71
Ginebra,dia,0.71
Ginebra,dia,0.72
Ginebra,dia,0.72
Ginebra,dia,0.72
Ginebra,dia,0.73
Ginebra,dia,0.73
Ginebra,dia,0.74
Ginebra,dia,0.74
Ginebra,dia,0.74
Ginebra,dia,0.75
Ginebra,dia,0.75
Ginebra,dia,0.76
Ginebra,dia,0.76
Ginebra,dia,0.76
Ginebra,dia,0.77
Ginebra,dia,0.77
Ginebra,dia,0.77
Ginebra,dia,0.78
Ginebra,dia,0.78
Ginebra,dia,0.78
Ginebra,dia,0.78
Ginebra,dia,0.78
Ginebra,dia,0.78
Ginebra,dia,0.78
Ginebra,dia,0.78
Ginebra,dia,0.77
Ginebra,dia,0.77
Ginebra,dia,0.76
Ginebra,dia,0.76
Ginebra,dia,0.75
Ginebra,dia,0.74
Ginebra,dia,0.73
Ginebra,dia,0.72
Ginebra,dia,0.71
Ginebra,dia,0.7
Ginebra,dia,0.68
Ginebra,dia,0.67
Ginebra,dia,0.65
Ginebra,dia,0.64
Ginebra,dia,0.63
Ginebra,dia,0.62
Ginebra,dia,0.6
Ginebra,dia,0.59
Ginebra,dia,0.57
Ginebra,dia,0.55
Ginebra,dia,0.54
Ginebra,dia,0.52
Ginebra,dia,0.51
Ginebra,dia,0.51
Ginebra,dia,0.5
Ginebra,dia,0.47
Ginebra,dia,0.43
Ginebra,dia,0.41
Ginebra,dia,0.37
Ginebra,dia,0.35
Ginebra,dia,0.32
Ginebra,dia,0.31
Ginebra,dia,0.3
Ginebra,dia,0.3
Ginebra,dia,0.3
Ginebra,dia,0.31
Ginebra,dia,0.31
Ginebra,dia,0.33
Ginebra,dia,0.34
Ginebra,dia,0.37
Ginebra,dia,0.38
Ginebra,dia,0.4
Ginebra,dia,0.42
Ginebra,dia,0.43
Ginebra,dia,0.45
Ginebra,dia,0.47
Ginebra,dia,0.48
Ginebra,dia,0.5
Ginebra,dia,0.52
Ginebra,dia,0.54
Ginebra,dia,0.55
Ginebra,dia,0.56
Ginebra,dia,0.57
Ginebra,dia,0.58
Ginebra,dia,0.6
Ginebra,dia,0.61
Ginebra,dia,0.62
Ginebra,dia,0.63
Ginebra,dia,0.64
Ginebra,dia,0.65
Ginebra,dia,0.66
Ginebra,dia,0.66
Ginebra,dia,0.67
Ginebra,dia,0.68
Ginebra,dia,0.69
Ginebra,dia,0.69
Ginebra,dia,0.7
Ginebra,dia,0.7
Ginebra,dia,0.71
Ginebra,dia,0.71
Ginebra,dia,0.72
Ginebra,dia,0.73
Ginebra,dia,0.73
Ginebra,dia,0.74
Ginebra,dia,0.74
Ginebra,dia,0.74
Ginebra,dia,0.75
Ginebra,dia,0.76
Ginebra,dia,0.76
Ginebra,dia,0.77
Ginebra,dia,0.77
Ginebra,dia,0.78
Ginebra,dia,0.78
Ginebra,dia,0.78
Ginebra,dia,0.79
Ginebra,dia,0.79
Ginebra,dia,0.79
Ginebra,dia,0.78
Ginebra,dia,0.78
Ginebra,dia,0.78
Ginebra,dia,0.77
Ginebra,dia,0.77
Ginebra,dia,0.77
Ginebra,dia,0.76
Ginebra,dia,0.76
Ginebra,dia,0.76
Ginebra,dia,0.76
Ginebra,dia,0.75
Ginebra,dia,0.75
Ginebra,dia,0.75
Ginebra,dia,0.75
Ginebra,dia,0.74
Ginebra,dia,0.74
Ginebra,dia,0.78
Ginebra,dia,0.78
Ginebra,dia,0.77
Ginebra,dia,0.77
Ginebra,dia,0.59
Ginebra,dia,0.58
Ginebra,dia,0.58
Ginebra,dia,0.57
Ginebra,dia,0.56
Ginebra,dia,0.54
Ginebra,dia,0.56
Ginebra,dia,0.22
Ginebra,dia,0.72
Ginebra,dia,0.73
Ginebra,dia,0.35
Ginebra,dia,0.34
Ginebra,dia,0.36
Ginebra,dia,0.36
Ginebra,dia,0.41
Ginebra,dia,0.4
Ginebra,dia,0.41
Ginebra,dia,0.42
Ginebra,dia,0.42
Ginebra,dia,0.42
Ginebra,dia,0.43
Ginebra,dia,0.43
Ginebra,dia,0.43
Ginebra,dia,0.43
Ginebra,dia,0.43
Ginebra,dia,0.43
Ginebra,dia,0.43
Ginebra,dia,0.42
Ginebra,dia,0.42
Ginebra,dia,0.42
Ginebra,dia,0.38
Ginebra,dia,0.38
Ginebra,dia,0.38
Ginebra,dia,0.38
Ginebra,dia,0.38
Ginebra,dia,0.38
Ginebra,dia,0.37
Ginebra,dia,0.37
Ginebra,dia,0.37
Ginebra,dia,0.36
Ginebra,dia,0.36
Ginebra,dia,0.36
Ginebra,dia,0.35
Ginebra,dia,0.35
Ginebra,dia,0.35
Ginebra,dia,0.34
Ginebra,dia,0.34
Ginebra,dia,0.34
Ginebra,dia,0.34
Ginebra,dia,0.34
Ginebra,dia,0.34
Ginebra,dia,0.33
Ginebra,dia,0.34
Ginebra,dia,0.34
Ginebra,dia,0.35
Ginebra,dia,0.35
Ginebra,dia,0.35
Ginebra,dia,0.34
Ginebra,dia,0.34
Ginebra,dia,0.34
Ginebra,dia,0.34
Ginebra,dia,0.34
Ginebra,dia,0.34
Ginebra,dia,0.34
Ginebra,dia,0.34
Ginebra,dia,0.34
Ginebra,dia,0.35
Ginebra,dia,0.35
Ginebra,dia,0.35
Ginebra,dia,0.35
Ginebra,dia,0.36
Ginebra,dia,0.36
Ginebra,dia,0.36
Ginebra,dia,0.37
Ginebra,dia,0.37
Ginebra,dia,0.37
Ginebra,dia,0.37
Ginebra,dia,0.37
Ginebra,dia,0.37
Ginebra,dia,0.38
Ginebra,dia,0.38
Ginebra,dia,0.38
Ginebra,dia,0.38
Ginebra,dia,0.39
Ginebra,dia,0.39
Ginebra,dia,0.39
Ginebra,dia,0.4
Ginebra,dia,0.37
Ginebra,dia,0.37
Ginebra,dia,0.8
Ginebra,dia,0.79
Ginebra,dia,0.8
Ginebra,dia,0.8
Ginebra,dia,0.8
Ginebra,dia,0.79
Ginebra,dia,0.81
Ginebra,dia,0.54
Ginebra,noche,0.82
Ginebra,noche,0.8
Ginebra,noche,0.76
Ginebra,noche,0.73
Ginebra,noche,0.7
Ginebra,noche,0.67
Ginebra,noche,0.66
Ginebra,noche,0.64
Ginebra,noche,0.63
Ginebra,noche,0.6
Ginebra,noche,0.6
Ginebra,noche,0.6
Ginebra,noche,0.59
Ginebra,noche,0.58
Ginebra,noche,0.58
Ginebra,noche,0.58
Ginebra,noche,0.59
Ginebra,noche,0.6
Ginebra,noche,0.58
Ginebra,noche,0.57
Ginebra,noche,0.59
Ginebra,noche,0.36
Ginebra,noche,0.39
Ginebra,noche,0.41
Ginebra,noche,0.43
Ginebra,noche,0.41
Ginebra,noche,0.4
Ginebra,noche,0.43
Ginebra,noche,0.45
Ginebra,noche,0.45
Ginebra,noche,0.47
Ginebra,noche,0.49
Ginebra,noche,0.5
Ginebra,noche,0.53
Ginebra,noche,0.54
Ginebra,noche,0.58
Ginebra,noche,0.58
Ginebra,noche,0.6
Ginebra,noche,0.63
Ginebra,noche,0.66
Ginebra,noche,0.71
Ginebra,noche,0.74
Ginebra,noche,0.73
Ginebra,noche,1.17
Ginebra,noche,1.19
Ginebra,noche,1.2
Ginebra,noche,1.22
Ginebra,noche,1.25
Ginebra,noche,1.26
Ginebra,noche,1.26
Ginebra,noche,1.28
Ginebra,noche,1.27
Ginebra,noche,1.27
Ginebra,noche,1.26
Ginebra,noche,1.23
Ginebra,noche,1.21
Ginebra,noche,1.17
Ginebra,noche,1.15
Ginebra,noche,1.11
Ginebra,noche,1.09
Ginebra,noche,1.13
Ginebra,noche,1.16
Ginebra,noche,1.18
Ginebra,noche,1.13
Ginebra,noche,1.08
Ginebra,noche,0.99
Ginebra,noche,0.94
Ginebra,noche,0.88
Ginebra,noche,0.82
Ginebra,noche,0.76
Ginebra,noche,0.69
Ginebra,noche,0.65
Ginebra,noche,1.03
Ginebra,noche,0.96
Ginebra,noche,0.96
Ginebra,noche,1.0
Ginebra,noche,1.03
Ginebra,noche,1.05
Ginebra,noche,1.05
Ginebra,noche,1.02
Ginebra,noche,1.02
Ginebra,noche,0.98
Ginebra,noche,0.95
Ginebra,noche,0.87
Ginebra,noche,0.82
Ginebra,noche,0.74
Ginebra,noche,0.69
Ginebra,noche,0.59
Ginebra,noche,0.51
Ginebra,noche,0.47
Ginebra,noche,0.52
Ginebra,noche,0.58
Ginebra,noche,0.72
Ginebra,noche,0.78
Ginebra,noche,0.83
Ginebra,noche,0.9
Ginebra,noche,0.95
Ginebra,noche,0.86
Ginebra,noche,0.86
Ginebra,noche,0.99
Ginebra,noche,0.94
Ginebra,noche,0.87
Ginebra,noche,0.79
Ginebra,noche,0.74
Ginebra,noche,0.78
Ginebra,noche,0.82
Ginebra,noche,0.86
Ginebra,noche,0.4
Ginebra,noche,0.46
Ginebra,noche,0.53
Ginebra,noche,0.64
Ginebra,noche,0.69
Ginebra,noche,0.76
Ginebra,noche,0.94
Ginebra,noche,0.92
Ginebra,noche,0.87
Ginebra,noche,0.76
Ginebra,noche,0.33
Ginebra,noche,0.34
Ginebra,noche,0.33
Ginebra,noche,0.32
Ginebra,noche,0.32
Ginebra,noche,0.31
Ginebra,noche,0.32
Ginebra,noche,0.33
Ginebra,noche,0.34
Ginebra,noche,0.35
Ginebra,noche,0.34
Ginebra,noche,1.48
Ginebra,noche,1.5
Ginebra,noche,1.53
Ginebra,noche,1.55
Ginebra,noche,1.57
Ginebra,noche,1.59
Ginebra,noche,1.6
Ginebra,noche,1.61
Ginebra,noche,1.62
Ginebra,noche,1.63
Ginebra,noche,1.65
Ginebra,noche,1.68
Ginebra,noche,1.69
Ginebra,noche,1.69
Ginebra,noche,1.7
Ginebra,noche,1.69
Ginebra,noche,1.69
Ginebra,noche,1.68
Ginebra,noche,1.66
Ginebra,noche,1.64
Ginebra,noche,1.62
Ginebra,noche,1.62
Ginebra,noche,1.63
Ginebra,noche,1.63
Ginebra,noche,1.63
Ginebra,noche,1.63
Ginebra,noche,1.63
Ginebra,noche,1.62
Ginebra,noche,1.6
Ginebra,noche,1.57
Ginebra,noche,1.53
Ginebra,noche,1.48
Ginebra,noche,1.43
Ginebra,noche,1.42
Ginebra,noche,1.43
Ginebra,noche,1.42
Ginebra,noche,1.44
Ginebra,noche,1.42
Ginebra,noche,1.42
Ginebra,noche,1.42
Ginebra,noche,1.39
Ginebra,noche,1.32
Ginebra,noche,1.25
Ginebra,noche,1.17
Ginebra,noche,1.09
Ginebra,noche,1.01
Ginebra,noche,0.92
Ginebra,noche,0.84
Ginebra,noche,0.78
Ginebra,noche,0.73
Ginebra,noche,0.68
Ginebra,noche,0.68
Ginebra,noche,0.67
Ginebra,noche,0.67
Ginebra,noche,0.65
Ginebra,noche,0.65
Ginebra,noche,0.67
Ginebra,noche,0.65
Ginebra,noche,0.65
Ginebra,noche,0.62
Ginebra,noche,0.59
Ginebra,noche,0.59
Ginebra,noche,0.59
Ginebra,noche,0.59
Ginebra,noche,0.59
Ginebra,noche,0.6
Ginebra,noche,0.64
Ginebra,noche,1.42
Ginebra,noche,1.61
Ginebra,noche,1.66
Ginebra,noche,1.73
Ginebra,noche,1.73
Ginebra,noche,1.72
Ginebra,noche,1.72
Ginebra,noche,1.72
Ginebra,noche,1.8
Ginebra,noche,1.77
Ginebra,noche,1.71
Ginebra,noche,1.7
Ginebra,noche,1.7
Ginebra,noche,1.71
Ginebra,noche,1.69
Ginebra,noche,1.65
Ginebra,noche,1.61
Ginebra,noche,1.55
Ginebra,noche,1.48
Ginebra,noche,1.39
Ginebra,noche,1.31
Ginebra,noche,1.24
Ginebra,noche,1.17
Ginebra,noche,1.11
Ginebra,noche,1.06
Ginebra,noche,1.02
Ginebra,noche,0.97
Ginebra,noche,0.99
Ginebra,noche,0.98
Ginebra,noche,0.96
Ginebra,noche,0.98
Ginebra,noche,0.98
Ginebra,noche,0.97
Ginebra,noche,0.99
Ginebra,noche,1.05
Ginebra,noche,1.11
Ginebra,noche,1.15
Ginebra,noche,1.19
Ginebra,noche,1.28
Ginebra,noche,1.29
Ginebra,noche,1.3
Ginebra,noche,1.3
Ginebra,noche,1.34
Ginebra,noche,1.38
Ginebra,noche,1.41
Ginebra,noche,1.46
Ginebra,noche,1.5
Ginebra,noche,1.53
Ginebra,noche,1.57
Ginebra,noche,1.61
Ginebra,noche,1.67
Ginebra,noche,1.65
Ginebra,noche,1.64
Ginebra,noche,1.63
Ginebra,noche,1.54
Ginebra,noche,1.52
Ginebra,noche,1.49
Ginebra,noche,1.47
Ginebra,noche,1.44
Ginebra,noche,1.41
Ginebra,noche,1.36
Ginebra,noche,1.32
Ginebra,noche,1.28
Ginebra,noche,1.21
Ginebra,noche,1.16
Ginebra,noche,0.91
Ginebra,noche,0.89
Ginebra,noche,0.23
Ginebra,noche,0.44
Ginebra,noche,0.44
Ginebra,noche,0.45
Ginebra,noche,0.45
Ginebra,noche,0.46
Ginebra,noche,0.46
Ginebra,noche,0.47
Ginebra,noche,0.47
Ginebra,noche,0.48
Ginebra,noche,0.48
Ginebra,noche,0.48
Ginebra,noche,0.49
Ginebra,noche,0.49
Ginebra,noche,0.5
Ginebra,noche,0.5
Ginebra,noche,0.51
Ginebra,noche,0.51
Ginebra,noche,0.52
Ginebra,noche,0.53
Ginebra,noche,0.53
Ginebra,noche,0.52
Ginebra,noche,0.53
Ginebra,noche,0.53
Ginebra,noche,0.54
Ginebra,noche,0.54
Ginebra,noche,0.54
Ginebra,noche,0.55
Ginebra,noche,0.55
Ginebra,noche,0.56
Ginebra,noche,0.56
Ginebra,noche,0.56
Ginebra,noche,0.56
Ginebra,noche,0.56
Ginebra,noche,0.57
Ginebra,noche,0.58
Ginebra,noche,0.58
Ginebra,noche,0.59
Ginebra,noche,0.59
Ginebra,noche,0.6
Ginebra,noche,0.61
Ginebra,noche,0.62
Ginebra,noche,0.62
Ginebra,noche,0.62
Ginebra,noche,0.63
Ginebra,noche,0.63
Ginebra,noche,0.64
Ginebra,noche,0.64
Ginebra,noche,0.64
Ginebra,noche,0.64
Ginebra,noche,0.64
Ginebra,noche,0.65
Ginebra,noche,0.65
Ginebra,noche,0.65
Ginebra,noche,0.65
Ginebra,noche,0.64
Ginebra,noche,0.64
Ginebra,noche,0.64
Ginebra,noche,0.64
Ginebra,noche,0.64
Ginebra,noche,0.63
Ginebra,noche,0.63
Ginebra,noche,0.63
Ginebra,noche,0.62
Ginebra,noche,0.62
Ginebra,noche,0.62
Ginebra,noche,0.62
Ginebra,noche,0.61
Ginebra,noche,0.61
Ginebra,noche,0.61
Ginebra,noche,0.6
Ginebra,noche,0.6
Ginebra,noche,0.59
Ginebra,noche,0.59
Ginebra,noche,0.59
Ginebra,noche,0.58
Ginebra,noche,0.58
Ginebra,noche,0.57
Ginebra,noche,0.57
Ginebra,noche,0.56
Ginebra,noche,0.56
Ginebra,noche,0.55
Ginebra,noche,0.55
Ginebra,noche,0.54
Ginebra,noche,0.54
Ginebra,noche,0.53
Ginebra,noche,0.53
Ginebra,noche,0.52
Ginebra,noche,0.52
Ginebra,noche,0.52
Ginebra,noche,0.52
Ginebra,noche,0.51
Ginebra,noche,0.51
Ginebra,noche,0.51
Ginebra,noche,0.51
Ginebra,noche,0.51
Ginebra,noche,0.51
Ginebra,noche,0.51
Ginebra,noche,0.51
Ginebra,noche,0.51
Ginebra,noche,0.51
Ginebra,noche,0.51
Ginebra,noche,0.51
Ginebra,noche,0.51
Ginebra,noche,0.51
Ginebra,noche,0.52
Ginebra,noche,0.52
Ginebra,noche,0.52
Ginebra,noche,0.52
Ginebra,noche,0.52
Ginebra,noche,0.52
Ginebra,noche,0.52
Ginebra,noche,0.52
Ginebra,noche,0.52
Ginebra,noche,0.52
Ginebra,noche,0.52
Ginebra,noche,0.53
Ginebra,noche,0.52
Ginebra,noche,0.52
Ginebra,noche,0.52
Ginebra,noche,0.52
Ginebra,noche,0.52
Ginebra,noche,0.51
Ginebra,noche,0.51
Ginebra,noche,0.51
Ginebra,noche,0.5
Ginebra,noche,0.5
Ginebra,noche,0.5
Ginebra,noche,0.49
Ginebra,noche,0.49
Ginebra,noche,0.48
Ginebra,noche,0.47
Ginebra,noche,0.47
Ginebra,noche,0.46
Ginebra,noche,0.46
Ginebra,noche,0.46
Ginebra,noche,0.45
Ginebra,noche,0.44
Ginebra,noche,0.44
Ginebra,noche,0.43
Ginebra,noche,0.42
Ginebra,noche,0.42
Ginebra,noche,0.41
Ginebra,noche,0.4
Ginebra,noche,0.4
Ginebra,noche,0.39
Ginebra,noche,0.38
Ginebra,noche,0.37
Ginebra,noche,0.37
Ginebra,noche,0.36
Ginebra,noche,0.35
Ginebra,noche,0.34
Ginebra,noche,0.34
Ginebra,noche,0.33
Ginebra,noche,0.33
Ginebra,noche,0.32
Ginebra,noche,0.48
Ginebra,noche,0.48
Ginebra,noche,0.47
Ginebra,noche,0.46
Ginebra,noche,0.45
Ginebra,noche,0.44
Ginebra,noche,0.43
Ginebra,noche,0.44
Ginebra,noche,0.44
Ginebra,noche,0.46
Ginebra,noche,0.47
Ginebra,noche,0.49
Ginebra,noche,0.5
Ginebra,noche,0.52
Ginebra,noche,0.53
Ginebra,noche,0.55
Ginebra,noche,0.56
Ginebra,noche,0.57
Ginebra,noche,0.59
Ginebra,noche,0.6
Ginebra,noche,0.61
Ginebra,noche,0.62
Ginebra,noche,0.63
Ginebra,noche,0.64
Ginebra,noche,0.64
Ginebra,noche,0.65
Ginebra,noche,0.65
Ginebra,noche,0.65
Ginebra,noche,0.65
Ginebra,noche,0.65
Ginebra,noche,0.65
Ginebra,noche,0.64
Ginebra,noche,0.64
Ginebra,noche,0.64
Ginebra,noche,0.63
Ginebra,noche,0.63
Ginebra,noche,0.62
Ginebra,noche,0.62
Ginebra,noche,0.61
Ginebra,noche,0.6
Ginebra,noche,0.6
Ginebra,noche,0.59
Ginebra,noche,0.58
Ginebra,noche,0.58
Ginebra,noche,0.57
Ginebra,noche,0.56
Ginebra,noche,0.55
Ginebra,noche,0.55
Ginebra,noche,0.54
Ginebra,noche,0.53
Ginebra,noche,0.52
Ginebra,noche,0.52
Ginebra,noche,0.51
Ginebra,noche,0.5
Ginebra,noche,0.5
Ginebra,noche,0.51
Ginebra,noche,0.51
Ginebra,noche,0.51
Ginebra,noche,0.12
Ginebra,noche,1.02
Ginebra,noche,0.96
Ginebra,noche,0.94
Ginebra,noche,0.12
Ginebra,noche,0.12
Ginebra,noche,0.12
Ginebra,noche,0.12
Ginebra,noche,0.12
Ginebra,noche,0.13
Ginebra,noche,0.13
Ginebra,noche,0.13
Ginebra,noche,0.12
Ginebra,noche,0.12
Ginebra,noche,0.12
Ginebra,noche,0.12
Ginebra,noche,0.12
Ginebra,noche,0.53
Ginebra,noche,0.48
Ginebra,noche,0.41
Ginebra,noche,0.33
Ginebra,noche,0.28
Ginebra,noche,0.24
Ginebra,noche,0.23
Ginebra,noche,0.21
Ginebra,noche,0.22
Ginebra,noche,0.26
Ginebra,noche,0.31
Ginebra,noche,0.36
Ginebra,noche,0.38
Ginebra,noche,0.39
Ginebra,noche,0.41
Ginebra,noche,0.89
Ginebra,noche,0.96
Ginebra,noche,0.97
Ginebra,noche,1.01
Ginebra,noche,1.06
Ginebra,noche,1.09
Ginebra,noche,1.07
Ginebra,noche,1.11
Ginebra,noche,1.09
Ginebra,noche,1.12
Ginebra,noche,1.22
Ginebra,noche,1.29
Ginebra,noche,1.36
Ginebra,noche,1.42
Ginebra,noche,1.46
Ginebra,noche,1.69
Ginebra,noche,1.72
Ginebra,noche,1.65
Ginebra,noche,1.62
Ginebra,noche,1.63
Ginebra,noche,1.66
Ginebra,noche,1.64
Ginebra,noche,1.65
Ginebra,noche,1.65
Ginebra,noche,1.64
Ginebra,noche,1.64
Ginebra,noche,1.61
Ginebra,noche,1.56
Ginebra,noche,1.53
Ginebra,noche,1.47
Ginebra,noche,1.41
Ginebra,noche,1.35
Ginebra,noche,1.77
Ginebra,noche,1.74
Ginebra,noche,0.91
Ginebra,noche,0.86
Ginebra,noche,0.83
Ginebra,noche,0.8
Ginebra,noche,0.9
Ginebra,noche,0.94
Ginebra,noche,0.95
Ginebra,noche,0.94
Ginebra,noche,0.93
Ginebra,noche,0.93
Ginebra,noche,0.91
Ginebra,noche,0.9
Ginebra,noche,0.9
Ginebra,noche,0.91
Ginebra,noche,0.9
Ginebra,noche,0.88
Ginebra,noche,0.86
Ginebra,noche,0.88
Ginebra,noche,0.93
Ginebra,noche,0.98
Ginebra,noche,1.05
Ginebra,noche,1.1
Ginebra,noche,1.16
Ginebra,noche,1.22
Ginebra,noche,1.28
Ginebra,noche,1.33
Ginebra,noche,1.38
Ginebra,noche,1.41
Ginebra,noche,1.42
Ginebra,noche,1.43
Ginebra,noche,1.43
Ginebra,noche,1.4
Ginebra,noche,1.38
Ginebra,noche,1.35
Ginebra,noche,1.32
Ginebra,noche,1.28
Ginebra,noche,1.11
Ginebra,noche,1.08
Ginebra,noche,0.1
Ginebra,noche,0.11
Ginebra,noche,0.13
Ginebra,noche,0.14
Ginebra,noche,0.15
Ginebra,noche,0.15
Ginebra,noche,0.16
Ginebra,noche,0.18
Ginebra,noche,0.2
Ginebra,noche,0.22
Ginebra,noche,0.24
Ginebra,noche,0.26
Ginebra,noche,0.27
Ginebra,noche,0.29
Ginebra,noche,0.3
Ginebra,noche,0.32
Ginebra,noche,0.34
Ginebra,noche,0.35
Ginebra,noche,0.38
Ginebra,noche,0.41
Ginebra,noche,0.45
Ginebra,noche,0.48
Ginebra,noche,0.52
Ginebra,noche,0.58
Ginebra,noche,0.63
Ginebra,noche,0.69
Ginebra,noche,0.76
Ginebra,noche,0.83
Ginebra,noche,0.92
Ginebra,noche,0.98
Ginebra,noche,1.05
Ginebra,noche,1.11
Ginebra,noche,1.16
Ginebra,noche,1.2
Ginebra,noche,1.25
Ginebra,noche,1.31
Ginebra,noche,1.33
Ginebra,noche,1.36
Ginebra,noche,1.33
Ginebra,noche,1.34
Ginebra,noche,1.33
Ginebra,noche,1.34
Ginebra,noche,1.35
Ginebra,noche,1.37
Ginebra,noche,1.35
Ginebra,noche,1.34
Ginebra,noche,1.28
Ginebra,noche,1.25
Ginebra,noche,1.23
Ginebra,noche,1.17
Ginebra,noche,1.53
Ginebra,noche,1.69
Ginebra,noche,1.66
Ginebra,noche,1.66
Ginebra,noche,1.46
Ginebra,noche,1.45
Ginebra,noche,1.4
Ginebra,noche,1.34
Ginebra,noche,1.3
Ginebra,noche,1.25
Ginebra,noche,1.21
Ginebra,noche,1.16
Ginebra,noche,1.11
Ginebra,noche,1.05
Ginebra,noche,0.99
Ginebra,noche,0.89
Ginebra,noche,0.81
Ginebra,noche,0.78
Ginebra,noche,0.78
Ginebra,noche,0.76
Ginebra,noche,0.76
Ginebra,noche,0.77
Ginebra,noche,0.81
Ginebra,noche,0.72
Ginebra,noche,0.68
Ginebra,noche,0.62
Ginebra,noche,0.59
Ginebra,noche,0.58
Ginebra,noche,0.6
Ginebra,noche,0.62
Ginebra,noche,0.62
Ginebra,noche,0.6
Ginebra,noche,0.62
Ginebra,noche,0.63
Ginebra,noche,0.67
Ginebra,noche,0.7
Ginebra,noche,0.52
Ginebra,noche,0.53
Ginebra,noche,0.54
Ginebra,noche,0.56
Ginebra,noche,0.57
Ginebra,noche,0.6
Ginebra,noche,0.63
Ginebra,noche,0.66
Ginebra,noche,0.68
Ginebra,noche,0.71
Ginebra,noche,0.73
Ginebra,noche,0.76
Ginebra,noche,0.77
Ginebra,noche,0.78
Ginebra,noche,0.78
Ginebra,noche,0.79
Ginebra,noche,0.79
Ginebra,noche,0.79
Ginebra,noche,0.78
Ginebra,noche,0.79
Ginebra,noche,0.8
Ginebra,noche,0.81
Ginebra,noche,0.37
Ginebra,noche,0.37
Ginebra,noche,0.37
Ginebra,noche,0.38
Ginebra,noche,0.38
Ginebra,noche,0.38
Ginebra,noche,0.38
Ginebra,noche,0.39
Ginebra,noche,0.41
Ginebra,noche,0.42
Ginebra,noche,0.44
Ginebra,noche,0.46
Ginebra,noche,0.48
Ginebra,noche,0.51
Ginebra,noche,0.54
Ginebra,noche,0.58
Ginebra,noche,0.64
Ginebra,noche,0.7
Ginebra,noche,0.78
Ginebra,noche,0.9
Ginebra,noche,1.04
Ginebra,noche,1.15
Ginebra,noche,1.22
Ginebra,noche,1.32
Ginebra,noche,1.47
Ginebra,noche,1.54
Ginebra,noche,1.59
Ginebra,noche,1.66
Ginebra,noche,1.71
Ginebra,noche,1.67
Ginebra,noche,1.64
Ginebra,noche,1.59
Ginebra,noche,1.54
Ginebra,noche,0.93
Ginebra,noche,0.87
Ginebra,noche,0.82
Ginebra,noche,0.84
Ginebra,noche,0.84
Ginebra,noche,0.83
Ginebra,noche,0.81
Ginebra,noche,0.79
Ginebra,noche,0.8
Ginebra,noche,1.23
Ginebra,noche,1.06
Ginebra,noche,1.01
Ginebra,noche,0.97
Ginebra,noche,1.78
Ginebra,noche,1.76
Ginebra,noche,1.65
Ginebra,noche,1.36
Ginebra,noche,1.37
Ginebra,noche,1.33
Ginebra,noche,1.39
Ginebra,noche,1.33
Ginebra,noche,1.29
Ginebra,noche,1.25
Ginebra,noche,1.19
Ginebra,noche,1.12
Ginebra,noche,1.06
Ginebra,noche,1.0
Ginebra,noche,0.94
Ginebra,noche,0.91
Ginebra,noche,0.85
Ginebra,noche,0.78
Ginebra,noche,0.82
Ginebra,noche,0.82
Ginebra,noche,0.82
Ginebra,noche,0.84
Ginebra,noche,0.86
Ginebra,noche,0.6
Ginebra,noche,0.62
Ginebra,noche,0.62
Ginebra,noche,0.65
Ginebra,noche,0.67
Ginebra,noche,0.68
Ginebra,noche,0.68
Ginebra,noche,0.69
Ginebra,noche,0.69
Ginebra,noche,0.7
Ginebra,noche,0.7
Ginebra,noche,0.66
Ginebra,noche,0.67
Ginebra,noche,0.72
Ginebra,noche,0.73
Ginebra,noche,0.69
Ginebra,noche,0.72
Ginebra,noche,0.79
Ginebra,noche,0.74
Ginebra,noche,0.75
Ginebra,noche,0.76
Ginebra,noche,1.61
Ginebra,noche,1.58
Ginebra,noche,1.55
Ginebra,noche,1.5
Ginebra,noche,1.45
Ginebra,noche,1.41
Ginebra,noche,1.37
Ginebra,noche,1.33
Ginebra,noche,1.29
Ginebra,noche,1.27
Ginebra,noche,1.25
Ginebra,noche,1.23
Ginebra,noche,1.23
Ginebra,noche,1.22
Ginebra,noche,1.21
Ginebra,noche,1.22
Ginebra,noche,1.23
Ginebra,noche,1.23
Ginebra,noche,1.24
Ginebra,noche,1.24
Ginebra,noche,1.25
Ginebra,noche,1.25
Ginebra,noche,1.04
Ginebra,noche,1.0
Ginebra,noche,0.96
Ginebra,noche,1.05
Ginebra,noche,1.03
Ginebra,noche,0.99
Ginebra,noche,0.94
Ginebra,noche,0.89
Ginebra,noche,0.85
Ginebra,noche,0.8
Ginebra,noche,0.76
Ginebra,noche,0.92
Ginebra,noche,0.94
Ginebra,noche,0.82
Ginebra,noche,0.87
Ginebra,noche,0.93
Ginebra,noche,0.9
Ginebra,noche,0.87
Ginebra,noche,0.86
Ginebra,noche,0.83
Ginebra,noche,0.82
Ginebra,noche,0.8
Ginebra,noche,0.78
Ginebra,noche,0.76
Ginebra,noche,0.74
Ginebra,noche,0.73
Ginebra,noche,0.73
Ginebra,noche,0.72
Ginebra,noche,0.71
Ginebra,noche,0.71
Ginebra,noche,0.7
Ginebra,noche,0.7
Ginebra,noche,0.69
Ginebra,noche,0.72
Ginebra,noche,0.74
Ginebra,noche,0.84
Ginebra,noche,0.87
Ginebra,noche,0.89
Ginebra,noche,0.94
Ginebra,noche,1.47
Ginebra,noche,1.49
Ginebra,noche,1.5
Ginebra,noche,1.52
Ginebra,noche,1.53
Ginebra,noche,1.56
Ginebra,noche,1.58
Ginebra,noche,1.59
Ginebra,noche,1.6
Ginebra,noche,1.6
Ginebra,noche,1.6
Ginebra,noche,1.62
Ginebra,noche,1.6
Ginebra,noche,1.57
Ginebra,noche,1.47
Ginebra,noche,1.41
Ginebra,noche,1.32
Ginebra,noche,1.25
Ginebra,noche,1.19
Ginebra,noche,1.17
Ginebra,noche,1.13
Ginebra,noche,1.07
Ginebra,noche,1.04
Ginebra,noche,1.01
Ginebra,noche,1.67
Ginebra,noche,1.54
Ginebra,noche,1.33
Ginebra,noche,1.02
Ginebra,noche,0.89
Ginebra,noche,0.59
Ginebra,noche,0.54
Ginebra,noche,0.5
Ginebra,noche,0.45
Ginebra,noche,1.46
Ginebra,noche,1.43
Ginebra,noche,1.37
Ginebra,noche,1.33
Ginebra,noche,1.28
Ginebra,noche,1.25
Ginebra,noche,1.22
Ginebra,noche,1.2
Ginebra,noche,1.2
Ginebra,noche,1.22
Ginebra,noche,1.55
Ginebra,noche,1.58
Ginebra,noche,1.6
Ginebra,noche,1.6
Ginebra,noche,1.61
Ginebra,noche,1.6
Ginebra,noche,1.59
Ginebra,noche,1.59
Ginebra,noche,1.58
Ginebra,noche,1.52
Ginebra,noche,1.29
Ginebra,noche,1.37
Ginebra,noche,1.44
Ginebra,noche,1.49
Ginebra,noche,1.54
Ginebra,noche,1.55
Ginebra,noche,1.56
Ginebra,noche,1.56
Ginebra,noche,1.56
Ginebra,noche,1.55
Ginebra,noche,1.53
Ginebra,noche,1.52
Ginebra,noche,1.51
Ginebra,noche,1.49
Ginebra,noche,1.48
Ginebra,noche,1.23
Ginebra,noche,1.19
Ginebra,noche,1.13
Ginebra,noche,1.02
Ginebra,noche,1.01
Ginebra,noche,1.0
Ginebra,noche,0.99
Ginebra,noche,0.98
Ginebra,noche,0.95
Ginebra,noche,0.93
Ginebra,noche,0.89
Ginebra,noche,0.4
Ginebra,noche,0.4
Ginebra,noche,0.4
Ginebra,noche,0.41
Ginebra,noche,0.41
Ginebra,noche,0.43
Ginebra,noche,0.44
Ginebra,noche,0.44
Ginebra,noche,0.45
Ginebra,noche,0.45
Ginebra,noche,0.45
Ginebra,noche,0.45
Ginebra,noche,0.45
Ginebra,noche,0.45
Ginebra,noche,0.45
Ginebra,noche,0.44
Ginebra,noche,0.45
Ginebra,noche,0.45
Ginebra,noche,0.45
Ginebra,noche,0.45
Ginebra,noche,0.46
Ginebra,noche,0.45
Ginebra,noche,0.46
Ginebra,noche,0.47
Ginebra,noche,0.47
Ginebra,noche,0.48
Ginebra,noche,0.49
Ginebra,noche,0.49
Ginebra,noche,0.5
Ginebra,noche,0.5
Ginebra,noche,0.51
Ginebra,noche,0.52
Ginebra,noche,0.52
Ginebra,noche,0.52
Ginebra,noche,0.51
Ginebra,noche,0.5
Ginebra,noche,0.49
Ginebra,noche,0.48
Ginebra,noche,0.48
Ginebra,noche,0.46
Ginebra,noche,0.44
Ginebra,noche,0.43
Ginebra,noche,0.42
Ginebra,noche,0.41
Ginebra,noche,0.39
Ginebra,noche,0.39
Ginebra,noche,0.39
Ginebra,noche,0.38
Ginebra,noche,0.38
Ginebra,noche,0.37
Ginebra,noche,0.36
Ginebra,noche,0.2
Ginebra,noche,0.7
Ginebra,noche,0.7
Ginebra,noche,0.69
Ginebra,noche,0.15
Ginebra,noche,0.78
Ginebra,noche,0.77
Ginebra,noche,0.74
Ginebra,noche,0.73
Ginebra,noche,0.71
Ginebra,noche,0.69
Ginebra,noche,0.71
Ginebra,noche,0.73
Ginebra,noche,0.77
Ginebra,noche,0.79
Ginebra,noche,0.81
Ginebra,noche,0.85
Ginebra,noche,0.86
Ginebra,noche,0.86
Ginebra,noche,0.88
Ginebra,noche,0.93
Ginebra,noche,0.97
Ginebra,noche,1.01
Ginebra,noche,1.08
Ginebra,noche,1.12
Ginebra,noche,1.15
Ginebra,noche,1.19
Ginebra,noche,1.2
Ginebra,noche,1.17
Ginebra,noche,1.14
Ginebra,noche,1.11
Ginebra,noche,1.09
Ginebra,noche,1.07
Ginebra,noche,1.04
Ginebra,noche,1.01
Ginebra,noche,0.98
Ginebra,noche,0.95
Ginebra,noche,0.91
Ginebra,noche,0.88
Ginebra,noche,0.92
Ginebra,noche,0.96
Ginebra,noche,0.99
Ginebra,noche,1.05
Ginebra,noche,1.09
Ginebra,noche,1.15
Ginebra,noche,1.19
Ginebra,noche,1.26
Ginebra,noche,1.28
Ginebra,noche,1.31
Ginebra,noche,1.32
Ginebra,noche,1.29
Ginebra,noche,1.28
Ginebra,noche,1.25
Ginebra,noche,1.21
Ginebra,noche,1.18
Ginebra,noche,1.15
Ginebra,noche,1.13
Ginebra,noche,1.14
Ginebra,noche,1.14
Ginebra,noche,1.14
Ginebra,noche,1.16
Ginebra,noche,1.16
Ginebra,noche,1.17
Ginebra,noche,1.16
Ginebra,noche,1.19
Ginebra,noche,1.21
Ginebra,noche,1.26
Ginebra,noche,1.29
Ginebra,noche,1.32
Ginebra,noche,1.36
Ginebra,noche,1.39
Ginebra,noche,1.45
Ginebra,noche,1.5
Ginebra,noche,1.53
Ginebra,noche,1.57
Ginebra,noche,1.56
Ginebra,noche,1.56
Ginebra,noche,1.55
Ginebra,noche,1.55
Ginebra,noche,1.6
Ginebra,noche,1.59
Ginebra,noche,1.6
Ginebra,noche,1.62
Ginebra,noche,1.64
Ginebra,noche,1.65
Ginebra,noche,1.67
Ginebra,noche,1.63
Ginebra,noche,1.58
Ginebra,noche,1.53
Ginebra,noche,1.5
Ginebra,noche,1.46
Ginebra,noche,1.43
Ginebra,noche,1.38
Ginebra,noche,1.35
Ginebra,noche,1.31
Ginebra,noche,1.28
Ginebra,noche,1.27
Ginebra,noche,1.28
Ginebra,noche,1.27
Ginebra,noche,1.29
Ginebra,noche,1.29
Ginebra,noche,1.3
Ginebra,noche,1.29
Ginebra,noche,1.26
Ginebra,noche,1.26
Ginebra,noche,1.3
Ginebra,noche,1.33
Ginebra,noche,1.38
Ginebra,noche,1.43
Ginebra,noche,1.49
Ginebra,noche,1.52
Ginebra,noche,1.55
Ginebra,noche,1.48
Ginebra,noche,1.47
Ginebra,noche,1.49
Ginebra,noche,1.53
Ginebra,noche,1.54
Ginebra,noche,1.56
Ginebra,noche,1.57
Ginebra,noche,1.53
Ginebra,noche,1.51
Ginebra,noche,1.48
Ginebra,noche,1.42
Ginebra,noche,1.32
Ginebra,noche,0.85
Ginebra,noche,0.84
Ginebra,noche,0.82
Ginebra,noche,0.8
Ginebra,noche,0.75
Ginebra,noche,0.73
Ginebra,noche,0.71
Ginebra,noche,0.69
Ginebra,noche,0.66
Ginebra,noche,0.64
Ginebra,noche,0.61
Ginebra,noche,0.59
Ginebra,noche,0.58
Ginebra,noche,0.55
Ginebra,noche,0.54
Ginebra,noche,0.53
Ginebra,noche,0.51
Ginebra,noche,0.5
Ginebra,noche,0.49
Ginebra,noche,0.47
Ginebra,noche,0.47
Ginebra,noche,0.47
Ginebra,noche,0.47
Ginebra,noche,0.47
Ginebra,noche,0.47
Ginebra,noche,0.47
Ginebra,noche,0.46
Ginebra,noche,0.45
Ginebra,noche,0.43
Ginebra,noche,0.42
Ginebra,noche,0.41
Ginebra,noche,0.39
Ginebra,noche,0.37
Ginebra,noche,0.36
Ginebra,noche,0.35
Ginebra,noche,0.35
Ginebra,noche,0.34
Ginebra,noche,0.32
Ginebra,noche,0.32
Ginebra,noche,0.3
Ginebra,noche,0.29
Ginebra,noche,0.28
Ginebra,noche,0.26
Ginebra,noche,0.26
Ginebra,noche,0.26
Ginebra,noche,0.26
Ginebra,noche,0.26
Ginebra,noche,0.27
Ginebra,noche,0.28
Ginebra,noche,0.28
Ginebra,noche,0.29
Ginebra,noche,0.3
Ginebra,noche,0.3
Ginebra,noche,0.31
Ginebra,noche,0.32
Ginebra,noche,0.31
Ginebra,noche,0.32
Ginebra,noche,0.33
Ginebra,noche,0.35
Ginebra,noche,0.37
Ginebra,noche,0.38
Ginebra,noche,0.38
Ginebra,noche,0.4
Ginebra,noche,0.41
Ginebra,noche,0.42
Ginebra,noche,0.43
Ginebra,noche,0.44
Ginebra,noche,0.45
Ginebra,noche,0.47
Ginebra,noche,0.49
Ginebra,noche,0.51
Ginebra,noche,0.53
Ginebra,noche,0.55
Ginebra,noche,0.58
Ginebra,noche,0.61
Ginebra,noche,0.64
Ginebra,noche,0.7
Ginebra,noche,0.68
Ginebra,noche,0.67
Ginebra,noche,0.66
Ginebra,noche,0.65
Ginebra,noche,0.63
Ginebra,noche,0.62
Ginebra,noche,0.61
Ginebra,noche,0.64
Ginebra,noche,0.68
Ginebra,noche,0.71
Ginebra,noche,0.72
Ginebra,noche,0.71
Ginebra,noche,0.66
Ginebra,noche,0.57
Ginebra,noche,0.51
Ginebra,noche,0.47
Ginebra,noche,0.42
Ginebra,noche,0.39
Ginebra,noche,0.37
Ginebra,noche,0.34
Ginebra,noche,0.31
Ginebra,noche,0.29
Ginebra,noche,0.26
Ginebra,noche,0.24
Ginebra,noche,0.23
Ginebra,noche,0.21
Ginebra,noche,0.19
Ginebra,noche,0.18
Ginebra,noche,0.3
Ginebra,noche,0.31
Ginebra,noche,1.05
Ginebra,noche,1.35
Ginebra,noche,1.36
Ginebra,noche,1.38
Ginebra,noche,1.39
Ginebra,noche,1.38
Ginebra,noche,1.36
Ginebra,noche,1.37
Ginebra,noche,1.37
Ginebra,noche,1.4
Ginebra,noche,1.4
Ginebra,noche,1.41
Ginebra,noche,1.41
Ginebra,noche,1.42
Ginebra,noche,1.43
Ginebra,noche,1.4
Ginebra,noche,1.4
Ginebra,noche,1.39
Ginebra,noche,1.39
Ginebra,noche,1.46
Ginebra,noche,1.46
Ginebra,noche,1.41
Ginebra,noche,1.43
Ginebra,noche,1.42
Ginebra,noche,1.39
Ginebra,noche,1.42
Ginebra,noche,1.48
Ginebra,noche,1.49
Ginebra,noche,1.55
Ginebra,noche,1.58
Ginebra,noche,1.61
Ginebra,noche,0.94
Ginebra,noche,0.52
Ginebra,noche,0.5
Ginebra,noche,0.49
Ginebra,noche,0.49
Ginebra,noche,0.5
Ginebra,noche,0.49
Ginebra,noche,0.5
Ginebra,noche,0.52
Ginebra,noche,0.54
Ginebra,noche,0.54
Ginebra,noche,0.55
Ginebra,noche,0.54
Ginebra,noche,0.54
Ginebra,noche,0.55
Ginebra,noche,0.55
Ginebra,noche,0.58
Ginebra,noche,0.61
Ginebra,noche,0.65
Ginebra,noche,0.69
Ginebra,noche,0.74
Ginebra,noche,0.78
Ginebra,noche,0.83
Ginebra,noche,0.88
Ginebra,noche,0.94
Ginebra,noche,1.0
Ginebra,noche,1.06
Ginebra,noche,1.14
Ginebra,noche,1.2
Ginebra,noche,1.29
Ginebra,noche,1.53
Ginebra,noche,1.61
Ginebra,noche,1.66
Ginebra,noche,1.68
Ginebra,noche,1.69
Ginebra,noche,1.75
Ginebra,noche,1.33
Ginebra,noche,1.22
Ginebra,noche,1.2
Ginebra,noche,1.12
Ginebra,noche,0.57
Ginebra,noche,0.51
Ginebra,noche,0.47
Ginebra,noche,0.32
Ginebra,noche,0.25
Ginebra,noche,0.23
Ginebra,noche,0.23
Ginebra,noche,0.26
Ginebra,noche,0.3
Ginebra,noche,0.33
Ginebra,noche,0.34
Ginebra,noche,0.36
Ginebra,noche,0.39
Ginebra,noche,0.43
Ginebra,noche,0.48
Ginebra,noche,0.49
Ginebra,noche,0.5
Ginebra,noche,0.51
Ginebra,noche,0.51
Ginebra,noche,0.51
Ginebra,noche,0.51
Ginebra,noche,0.5
Ginebra,noche,0.49
Ginebra,noche,0.47
Ginebra,noche,0.46
Ginebra,noche,0.44
Ginebra,noche,0.42
Ginebra,noche,0.4
Ginebra,noche,0.39
Ginebra,noche,0.37
Ginebra,noche,0.35
Ginebra,noche,0.34
Ginebra,noche,0.33
Ginebra,noche,0.32
Ginebra,noche,0.3
Ginebra,noche,0.3
Ginebra,noche,0.29
Ginebra,noche,0.28
Ginebra,noche,0.27
Ginebra,noche,0.26
Ginebra,noche,0.26
Ginebra,noche,0.25
Ginebra,noche,0.25
Ginebra,noche,0.24
Ginebra,noche,0.24
Ginebra,noche,0.24
Ginebra,noche,0.23
Ginebra,noche,0.23
Ginebra,noche,0.22
Ginebra,noche,0.22
Ginebra,noche,0.22
Ginebra,noche,0.21
Ginebra,noche,0.21
Ginebra,noche,0.21
Ginebra,noche,0.21
Ginebra,noche,0.2
Ginebra,noche,0.2
Ginebra,noche,0.2
Ginebra,noche,0.2
Ginebra,noche,0.19
Ginebra,noche,0.19
Ginebra,noche,0.19
Ginebra,noche,0.19
Ginebra,noche,0.19
Ginebra,noche,0.19
Ginebra,noche,0.19
Ginebra,noche,0.2
Ginebra,noche,0.2
Ginebra,noche,0.2
Ginebra,noche,0.2
Ginebra,noche,0.2
Ginebra,noche,0.2
Ginebra,noche,0.2
Ginebra,noche,0.2
Ginebra,noche,0.2
Ginebra,noche,0.2
Ginebra,noche,0.21
Ginebra,noche,0.21
Ginebra,noche,0.21
Ginebra,noche,0.21
Ginebra,noche,0.21
Ginebra,noche,0.22
Ginebra,noche,0.22
Ginebra,noche,0.22
Ginebra,noche,0.22
Ginebra,noche,0.22
Ginebra,noche,0.21
Ginebra,noche,0.21
Ginebra,noche,0.21
Ginebra,noche,0.21
Ginebra,noche,0.21
Ginebra,noche,0.2
Ginebra,noche,0.2
Ginebra,noche,0.2
Ginebra,noche,0.2
Ginebra,noche,0.19
Ginebra,noche,0.19
Ginebra,noche,0.19
Ginebra,noche,0.19
Ginebra,noche,0.19
Ginebra,noche,0.19
Ginebra,noche,0.19
Ginebra,noche,0.18
Ginebra,noche,0.18
Ginebra,noche,0.18
Ginebra,noche,0.18
Ginebra,noche,0.18
Ginebra,noche,0.18
Ginebra,noche,0.18
Ginebra,noche,0.18
Ginebra,noche,0.18
Ginebra,noche,0.18
Ginebra,noche,0.18
Ginebra,noche,0.17
Ginebra,noche,0.17
Ginebra,noche,0.17
Ginebra,noche,0.17
Ginebra,noche,0.17
Ginebra,noche,0.17
Ginebra,noche,0.17
Ginebra,noche,0.17
Ginebra,noche,0.17
Ginebra,noche,0.17
Ginebra,noche,0.17
Ginebra,noche,0.17
Ginebra,noche,0.17
Ginebra,noche,0.17
Ginebra,noche,0.17
Ginebra,noche,0.17
Ginebra,noche,0.17
Ginebra,noche,0.17
Ginebra,noche,0.17
Ginebra,noche,0.17
Ginebra,noche,0.17
Ginebra,noche,0.17
Ginebra,noche,0.17
Ginebra,noche,0.17
Ginebra,noche,0.16
Ginebra,noche,0.16
Ginebra,noche,0.16
Ginebra,noche,0.16
Ginebra,noche,0.16
Ginebra,noche,0.16
Ginebra,noche,0.16
Ginebra,noche,0.16
Ginebra,noche,0.16
Ginebra,noche,0.16
Ginebra,noche,0.16
Ginebra,noche,0.16
Ginebra,noche,0.17
Ginebra,noche,0.97
Ginebra,noche,0.93
Ginebra,noche,0.92
Ginebra,noche,0.9
Ginebra,noche,0.86
Ginebra,noche,0.83
Ginebra,noche,0.8
Ginebra,noche,0.77
Ginebra,noche,0.74
Ginebra,noche,0.71
Ginebra,noche,0.66
Ginebra,noche,0.62
Ginebra,noche,0.58
Ginebra,noche,0.55
Ginebra,noche,0.51
Ginebra,noche,0.48
Ginebra,noche,0.46
Ginebra,noche,0.43
Ginebra,noche,0.4
Ginebra,noche,0.38
Ginebra,noche,0.37
Ginebra,noche,0.36
Ginebra,noche,0.33
Ginebra,noche,0.31
Ginebra,noche,0.3
Ginebra,noche,0.28
Ginebra,noche,0.27
Ginebra,noche,0.25
Ginebra,noche,0.23
Ginebra,noche,0.2
Ginebra,noche,0.18
Ginebra,noche,0.14
Ginebra,noche,0.13
Ginebra,noche,0.12
Ginebra,noche,0.11
Ginebra,noche,0.11
Ginebra,noche,0.11
Ginebra,noche,0.11
Ginebra,noche,0.11
Ginebra,noche,0.11
Ginebra,noche,0.1
Ginebra,noche,0.1
Ginebra,noche,0.1
Ginebra,noche,0.09
Ginebra,noche,0.09
Ginebra,noche,0.09
Ginebra,noche,0.09
Ginebra,noche,0.09
Ginebra,noche,0.09
Ginebra,noche,0.09
Ginebra,noche,0.1
Ginebra,noche,0.11
Ginebra,noche,0.12
Ginebra,noche,0.13
Ginebra,noche,0.14
Ginebra,noche,0.15
Ginebra,noche,0.17
Ginebra,noche,0.18
Ginebra,noche,0.19
Ginebra,noche,0.2
Ginebra,noche,0.22
Ginebra,noche,0.23
Ginebra,noche,0.24
Ginebra,noche,0.25
Ginebra,noche,0.25
Ginebra,noche,0.27
Ginebra,noche,0.27
Ginebra,noche,0.28
Ginebra,noche,0.29
Ginebra,noche,0.3
Ginebra,noche,0.31
Ginebra,noche,0.31
Ginebra,noche,0.33
Ginebra,noche,0.34
Ginebra,noche,0.34
Ginebra,noche,0.35
Ginebra,noche,0.36
Ginebra,noche,0.37
Ginebra,noche,0.4
Ginebra,noche,0.42
Ginebra,noche,0.43
Ginebra,noche,0.45
Ginebra,noche,0.46
Ginebra,noche,0.47
Ginebra,noche,0.49
Ginebra,noche,0.51
Ginebra,noche,0.53
Ginebra,noche,0.56
Ginebra,noche,0.59
Ginebra,noche,0.62
Ginebra,noche,0.65
Ginebra,noche,0.68
Ginebra,noche,0.71
Ginebra,noche,0.74
Ginebra,noche,0.78
Ginebra,noche,0.84
Ginebra,noche,0.9
Ginebra,noche,0.95
Ginebra,noche,1.01
Ginebra,noche,1.06
Ginebra,noche,1.15
Ginebra,noche,1.22
Ginebra,noche,1.29
Ginebra,noche,1.33
Ginebra,noche,1.37
Ginebra,noche,1.41
Ginebra,noche,1.43
Ginebra,noche,0.63
Ginebra,noche,0.63
Ginebra,noche,0.64
Ginebra,noche,0.65
Ginebra,noche,0.72
Ginebra,noche,0.75
Ginebra,noche,0.76
Ginebra,noche,1.0
Ginebra,noche,1.38
Ginebra,noche,0.36
Ginebra,noche,0.36
Ginebra,noche,0.35
Ginebra,noche,0.34
Ginebra,noche,0.34
Ginebra,noche,0.34
Ginebra,noche,0.33
Ginebra,noche,0.31
Ginebra,noche,0.29
Ginebra,noche,0.28
Ginebra,noche,0.27
Ginebra,noche,0.25
Ginebra,noche,0.25
Ginebra,noche,0.24
Ginebra,noche,0.23
Ginebra,noche,0.22
Ginebra,noche,0.23
Ginebra,noche,0.22
Ginebra,noche,0.21
Ginebra,noche,0.21
Ginebra,noche,0.21
Ginebra,noche,0.23
Ginebra,noche,0.23
Ginebra,noche,0.24
Ginebra,noche,0.24
Ginebra,noche,0.25
Ginebra,noche,0.24
Ginebra,noche,0.24
Ginebra,noche,0.22
Ginebra,noche,0.2
Ginebra,noche,0.19
Ginebra,noche,0.18
Ginebra,noche,0.17
Ginebra,noche,0.16
Ginebra,noche,0.14
Ginebra,noche,0.13
Ginebra,noche,0.12
Ginebra,noche,0.12
Ginebra,noche,0.13
Ginebra,noche,0.12
Ginebra,noche,0.13
Ginebra,noche,0.13
Ginebra,noche,0.13
Ginebra,noche,0.12
Ginebra,noche,0.13
Ginebra,noche,0.15
Ginebra,noche,0.17
Ginebra,noche,0.2
Ginebra,noche,0.22
Ginebra,noche,0.25
Ginebra,noche,0.32
Ginebra,noche,0.36
Ginebra,noche,0.41
Ginebra,noche,0.46
Ginebra,noche,0.5
Ginebra,noche,0.55
Ginebra,noche,0.59
Ginebra,noche,0.63
Ginebra,noche,0.63
Ginebra,noche,0.62
Ginebra,noche,0.61
Ginebra,noche,0.6
Ginebra,noche,0.59
Ginebra,noche,0.59
Ginebra,noche,0.58
Ginebra,noche,0.57
Ginebra,noche,0.6
Ginebra,noche,0.63
Ginebra,noche,0.66
Ginebra,noche,0.69
Ginebra,noche,0.71
Ginebra,noche,0.73
Ginebra,noche,0.76
Ginebra,noche,0.77
Ginebra,noche,0.78
Ginebra,noche,0.79
Ginebra,noche,0.81
Ginebra,noche,0.84
Ginebra,noche,0.87
Ginebra,noche,0.88
Ginebra,noche,0.87
Ginebra,noche,0.9
Ginebra,noche,0.91
Ginebra,noche,0.92
Ginebra,noche,0.92
Ginebra,noche,0.91
Ginebra,noche,0.92
Ginebra,noche,0.96
Ginebra,noche,0.98
Ginebra,noche,0.98
Ginebra,noche,1.02
Ginebra,noche,1.05
Ginebra,noche,1.11
Ginebra,noche,1.14
Ginebra,noche,1.17
Ginebra,noche,1.2
Ginebra,noche,1.21
Ginebra,noche,1.18
Ginebra,noche,1.17
Ginebra,noche,1.16
Ginebra,noche,1.13
Ginebra,noche,1.12
Ginebra,noche,1.1
Ginebra,noche,1.09
Ginebra,noche,1.08
Ginebra,noche,1.06
Ginebra,noche,1.04
Ginebra,noche,1.02
Ginebra,noche,0.99
Ginebra,noche,0.98
Ginebra,noche,0.34
Ginebra,noche,0.31
Ginebra,noche,0.29
Ginebra,noche,0.26
Ginebra,noche,0.23
Ginebra,noche,0.21
Ginebra,noche,0.19
Ginebra,noche,0.18
Ginebra,noche,0.16
Ginebra,noche,0.15
Ginebra,noche,0.13
Ginebra,noche,0.12
Ginebra,noche,0.11
Ginebra,noche,0.11
Ginebra,noche,0.1
Ginebra,noche,0.09
Ginebra,noche,0.34
Ginebra,noche,0.37
Ginebra,noche,0.37
Ginebra,noche,0.33
Ginebra,noche,0.44
Ginebra,noche,0.44
Ginebra,noche,0.44
Ginebra,noche,0.44
Ginebra,noche,0.44
Ginebra,noche,0.44
Ginebra,noche,0.44
Ginebra,noche,0.44
Ginebra,noche,0.44
Ginebra,noche,0.43
Ginebra,noche,0.43
Ginebra,noche,0.43
Ginebra,noche,0.43
Ginebra,noche,0.43
Ginebra,noche,0.43
Ginebra,noche,0.42
Ginebra,noche,0.42
Ginebra,noche,0.42
Ginebra,noche,0.42
Ginebra,noche,0.41
Ginebra,noche,0.41
Ginebra,noche,0.41
Ginebra,noche,0.41
Ginebra,noche,0.41
Ginebra,noche,0.4
Ginebra,noche,0.4
Ginebra,noche,0.4
Ginebra,noche,0.4
Ginebra,noche,0.39
Ginebra,noche,0.39
Ginebra,noche,0.39
Ginebra,noche,0.39
Ginebra,noche,0.38
Ginebra,noche,0.38
Ginebra,noche,0.38
Ginebra,noche,0.38
Ginebra,noche,0.37
Ginebra,noche,0.37
Ginebra,noche,0.37
Ginebra,noche,0.36
Ginebra,noche,0.36
Ginebra,noche,0.36
Ginebra,noche,0.35
Ginebra,noche,0.35
Ginebra,noche,0.35
Ginebra,noche,0.34
Ginebra,noche,0.34
Ginebra,noche,0.34
Ginebra,noche,0.33
Ginebra,noche,0.33
Ginebra,noche,0.32
Ginebra,noche,0.32
Ginebra,noche,0.32
Ginebra,noche,0.31
Ginebra,noche,0.31
Ginebra,noche,0.31
Ginebra,noche,0.3
Ginebra,noche,0.3
Ginebra,noche,0.3
Ginebra,noche,0.29
Ginebra,noche,0.29
Ginebra,noche,0.28
Ginebra,noche,0.28
Ginebra,noche,0.28
Ginebra,noche,0.27
Ginebra,noche,0.27
Ginebra,noche,0.26
Ginebra,noche,0.26
Ginebra,noche,0.25
Ginebra,noche,0.2
Ginebra,noche,0.47
Ginebra,noche,0.47
Ginebra,noche,0.47
Ginebra,noche,0.47
Ginebra,noche,0.46
Ginebra,noche,0.46
Ginebra,noche,0.46
Ginebra,noche,0.46
Ginebra,noche,0.46
Ginebra,noche,0.46
Ginebra,noche,0.46
Ginebra,noche,0.45
Ginebra,noche,0.45
Ginebra,noche,0.45
Ginebra,noche,0.45
Ginebra,noche,0.44
Ginebra,noche,0.44
Ginebra,noche,0.44
Ginebra,noche,0.44
Ginebra,noche,0.43
Ginebra,noche,0.43
Ginebra,noche,0.43
Ginebra,noche,0.43
Ginebra,noche,0.43
Ginebra,noche,0.43
Ginebra,noche,0.43
Ginebra,noche,0.5
Ginebra,noche,0.5
Ginebra,noche,0.5
Ginebra,noche,0.51
Ginebra,noche,0.51
Ginebra,noche,0.52
Ginebra,noche,0.52
Ginebra,noche,0.53
Ginebra,noche,0.53
Ginebra,noche,0.54
Ginebra,noche,0.54
Ginebra,noche,0.55
Ginebra,noche,0.55
Ginebra,noche,0.56
Ginebra,noche,0.56
Ginebra,noche,0.57
Ginebra,noche,0.57
Ginebra,noche,0.58
Ginebra,noche,0.58
Ginebra,noche,0.58
Ginebra,noche,0.59
Ginebra,noche,0.59
Ginebra,noche,0.59
Ginebra,noche,0.59
Ginebra,noche,0.59
Ginebra,noche,0.59
Ginebra,noche,0.59
Ginebra,noche,0.59
Ginebra,noche,0.59
Ginebra,noche,0.58
Ginebra,noche,0.58
Ginebra,noche,0.58
Ginebra,noche,0.57
Ginebra,noche,0.57
Ginebra,noche,0.56
Ginebra,noche,0.56
Ginebra,noche,0.55
Ginebra,noche,0.54
Ginebra,noche,0.53
Ginebra,noche,0.52
Ginebra,noche,0.51
Ginebra,noche,0.5
Ginebra,noche,0.5
Ginebra,noche,0.48
Ginebra,noche,0.48
Ginebra,noche,0.49
Ginebra,noche,0.51
Ginebra,noche,0.52
Ginebra,noche,0.53
Ginebra,noche,0.54
Ginebra,noche,0.54
Ginebra,noche,0.55
Ginebra,noche,0.55
Ginebra,noche,0.56
Ginebra,noche,0.56
Ginebra,noche,0.56
Ginebra,noche,0.56
Ginebra,noche,0.56
Ginebra,noche,0.55
Ginebra,noche,0.55
Ginebra,noche,0.55
Ginebra,noche,0.54
Ginebra,noche,0.54
Ginebra,noche,0.53
Ginebra,noche,0.52
Ginebra,noche,0.52
Ginebra,noche,0.51
Ginebra,noche,0.5
Ginebra,noche,0.49
Ginebra,noche,0.49
Ginebra,noche,0.48
Ginebra,noche,0.47
Ginebra,noche,0.47
Ginebra,noche,0.46
Ginebra,noche,0.45
Ginebra,noche,0.45
Ginebra,noche,0.44
Ginebra,noche,0.43
Ginebra,noche,0.43
Ginebra,noche,0.42
Ginebra,noche,0.42
Ginebra,noche,0.41
Ginebra,noche,0.41
Ginebra,noche,0.4
Ginebra,noche,0.39
Ginebra,noche,0.39
Ginebra,noche,0.38
Ginebra,noche,0.38
Ginebra,noche,0.37
Ginebra,noche,0.37
Ginebra,noche,0.37
Ginebra,noche,0.36
Ginebra,noche,0.36
Ginebra,noche,0.35
Ginebra,noche,0.35
Ginebra,noche,0.35
Ginebra,noche,0.34
Ginebra,noche,0.34
Ginebra,noche,0.34
Ginebra,noche,0.34
Ginebra,noche,0.33
Ginebra,noche,0.33
Ginebra,noche,0.33
Ginebra,noche,0.33
Ginebra,noche,0.32
Ginebra,noche,0.32
Ginebra,noche,0.32
Ginebra,noche,0.32
Ginebra,noche,0.32
Ginebra,noche,0.31
Ginebra,noche,0.31
Ginebra,noche,0.31
Ginebra,noche,0.31
Ginebra,noche,0.31
Ginebra,noche,0.31
Ginebra,noche,0.3
Ginebra,noche,0.3
Ginebra,noche,0.3
Ginebra,noche,0.3
Ginebra,noche,0.3
